serial,fsr,emg
0,0,1273
1,0,1294
2,0,1275
3,0,1264
4,0,1301
5,0,1291
6,0,1269
7,0,1286
8,0,1275
9,0,1311
10,0,1264
11,0,1277
12,0,1265
13,0,1273
14,0,1325
15,0,1296
16,0,1271
17,0,1262
18,0,1293
19,0,1264
20,0,1279
21,0,1249
22,0,1277
23,0,1295
24,0,1321
25,0,1280
26,0,1289
27,0,1285
28,0,1284
29,0,1271
30,0,1269
31,0,1265
32,0,1293
33,0,1271
34,0,1280
35,0,1293
36,0,1280
37,0,1270
38,0,1291
39,0,1324
40,0,1315
41,0,1281
42,0,1295
43,0,1341
44,0,1308
45,0,1324
46,0,1306
47,0,1347
48,0,1321
49,0,1290
50,0,1290
51,0,1293
52,0,1339
53,0,1351
54,0,1329
55,0,1327
56,0,1330
57,0,1310
58,0,1287
59,0,1335
60,0,1296
61,0,1284
62,0,1265
63,0,1287
64,0,1303
65,0,1309
66,0,1312
67,0,1334
68,0,1325
69,0,1291
70,0,1301
71,0,1286
72,0,1333
73,0,1324
74,0,1296
75,0,1305
76,0,1316
77,0,1310
78,0,1312
79,0,1296
80,0,1285
81,0,1327
82,0,1331
83,0,1303
84,0,1309
85,0,1306
86,0,1319
87,0,1338
88,0,1360
89,0,1319
90,0,1311
91,0,1317
92,0,1328
93,0,1328
94,0,1299
95,0,1303
96,0,1295
97,0,1264
98,0,1264
99,0,1242
100,0,1246
101,0,1260
102,0,1255
103,0,1262
104,0,1309
105,0,1332
106,0,1351
107,0,1327
108,0,1360
109,0,1388
110,0,1421
111,0,1407
112,0,1458
113,0,1454
114,0,1509
115,0,1519
116,0,1543
117,0,1511
118,0,1456
119,0,1457
120,0,1479
121,0,1495
122,0,1489
123,0,1535
124,0,1583
125,0,1579
126,0,1523
127,0,1519
128,0,1490
129,0,1785
130,0,1837
131,0,1776
132,0,1685
133,0,1754
134,0,1726
135,0,1614
136,0,1550
137,0,1581
138,0,1637
139,0,1743
140,0,1766
141,0,1792
142,0,1898
143,0,2127
144,0,2253
145,0,2209
146,0,2110
147,0,2160
148,0,2041
149,0,2095
150,0,2155
151,0,2142
152,0,2043
153,0,2035
154,0,2001
155,0,1947
156,0,1896
157,0,1908
158,0,1903
159,0,2036
160,0,1872
161,0,1895
162,0,1968
163,0,1936
164,0,1973
165,0,1972
166,0,1893
167,0,1868
168,0,2029
169,0,2009
170,0,1971
171,0,1856
172,0,1805
173,0,1911
174,0,1933
175,0,2042
176,0,2060
177,0,2032
178,0,1993
179,0,1925
180,0,2069
181,0,1914
182,0,1937
183,0,2064
184,0,2145
185,0,2251
186,0,2094
187,0,1905
188,0,1984
189,0,1958
190,0,2034
191,0,1922
192,0,1857
193,0,1805
194,0,1778
195,0,1843
196,0,1933
197,0,1990
198,0,2091
199,0,2037
200,0,2067
201,0,1952
202,0,1951
203,0,2015
204,0,2032
205,0,1945
206,0,2010
207,0,2032
208,0,1915
209,0,1990
210,0,1926
211,0,1891
212,0,1853
213,0,1789
214,0,1787
215,0,1923
216,0,2032
217,0,2092
218,0,2019
219,0,2039
220,0,1911
221,0,1913
222,0,1907
223,0,1935
224,0,1835
225,0,1780
226,0,1883
227,0,1895
228,0,1970
229,0,2010
230,0,1930
231,0,1844
232,0,1765
233,0,1788
234,0,1878
235,0,1979
236,0,1920
237,0,1945
238,0,1961
239,0,1877
240,0,1862
241,0,1767
242,0,1703
243,0,1852
244,0,1727
245,0,1748
246,0,1742
247,0,1695
248,0,1646
249,0,1760
250,0,1863
251,0,1822
252,0,1758
253,0,1840
254,0,1884
255,0,1825
256,0,1910
257,0,1776
258,0,1959
259,0,2121
260,0,1989
261,0,2145
262,0,2073
263,0,2183
264,0,2019
265,0,1903
266,0,1891
267,0,1879
268,0,1938
269,0,1846
270,0,1758
271,0,1715
272,0,1680
273,0,1703
274,0,1839
275,0,1807
276,0,1744
277,0,1808
278,0,1792
279,0,1981
280,0,1983
281,0,1854
282,0,1798
283,0,1843
284,0,1749
285,0,1659
286,0,1615
287,0,1678
288,0,1696
289,0,1888
290,0,1869
291,0,1786
292,0,1791
293,0,1846
294,0,1818
295,0,1763
296,0,1648
297,0,1655
298,0,1762
299,0,1741
300,0,1717
301,0,1707
302,0,1675
303,0,1635
304,0,1648
305,0,1707
306,0,1650
307,0,1717
308,0,1646
309,0,1711
310,0,1829
311,0,1762
312,0,1706
313,0,1661
314,0,1633
315,0,1714
316,0,1691
317,0,1622
318,0,1575
319,0,1565
320,0,1517
321,0,1483
322,0,1483
323,0,1438
324,0,1532
325,0,1530
326,0,1542
327,0,1487
328,0,1498
329,0,1586
330,0,1489
331,0,1472
332,0,1584
333,0,1534
334,0,1523
335,0,1495
336,0,1458
337,0,1437
338,0,1475
339,0,1487
340,0,1483
341,0,1522
342,0,1563
343,0,1494
344,0,1502
345,0,1559
346,0,1499
347,0,1483
348,0,1462
349,0,1437
350,0,1484
351,0,1433
352,0,1491
353,0,1469
354,0,1499
355,0,1472
356,0,1443
357,0,1473
358,0,1503
359,0,1554
360,0,1551
361,0,1488
362,0,1517
363,0,1479
364,0,1452
365,0,1450
366,0,1464
367,0,1471
368,0,1479
369,0,1493
370,0,1417
371,0,1415
372,0,1412
373,0,1409
374,0,1409
375,0,1423
376,0,1392
377,0,1405
378,0,1393
379,0,1419
380,0,1399
381,0,1447
382,0,1427
383,0,1454
384,0,1439
385,0,1466
386,0,1440
387,0,1518
388,0,1471
389,0,1479
390,0,1442
391,0,1477
392,0,1475
393,0,1489
394,0,1503
395,0,1498
396,0,1495
397,0,1479
398,0,1501
399,0,1486
400,0,1517
401,0,1509
402,0,1480
403,0,1543
404,0,1547
405,0,1508
406,0,1473
407,0,1501
408,0,1611
409,0,1543
410,0,1623
411,0,1565
412,0,1597
413,0,1552
414,0,1519
415,0,1471
416,0,1469
417,0,1493
418,0,1550
419,0,1488
420,0,1465
421,0,1485
422,0,1437
423,0,1424
424,0,1438
425,0,1401
426,0,1391
427,0,1431
428,0,1475
429,0,1444
430,0,1425
431,0,1403
432,0,1447
433,0,1450
434,0,1438
435,0,1461
436,0,1526
437,0,1531
438,0,1552
439,0,1553
440,0,1551
441,0,1564
442,0,1567
443,0,1599
444,0,1614
445,0,1677
446,0,1712
447,0,1729
448,0,1718
449,0,1774
450,18,1787
451,0,1885
452,44,1921
453,137,2091
454,286,2034
455,624,2146
456,832,2255
457,1274,2461
458,1629,2493
459,1714,2591
460,1645,2566
461,1520,2640
462,1551,2611
463,1660,2679
464,1879,2719
465,1968,2736
466,2027,2682
467,2032,2727
468,2086,2669
469,2155,2718
470,2256,2699
471,2330,2672
472,2350,2666
473,2416,2635
474,2432,2671
475,2447,2695
476,2478,2672
477,2502,2622
478,2528,2727
479,2570,2736
480,2611,2767
481,2653,2724
482,2714,2785
483,2750,2797
484,2786,2801
485,2821,2818
486,2856,2803
487,2871,2832
488,2875,2880
489,2896,2742
490,2917,2804
491,2946,2762
492,2965,2853
493,2971,2803
494,2996,2957
495,3023,2944
496,3040,3029
497,3047,2831
498,3045,2934
499,3059,2782
500,3061,2752
501,3067,2752
502,3093,2843
503,3089,2831
504,3099,2788
505,3111,2768
506,3124,2895
507,3135,2786
508,3139,2762
509,3142,2759
510,3138,2699
511,3171,2795
512,3174,2879
513,3186,2727
514,3181,2692
515,3178,2762
516,3187,2862
517,3184,2753
518,3182,2725
519,3183,2727
520,3183,2734
521,3185,2738
522,3185,2703
523,3201,2725
524,3200,2789
525,3201,2830
526,3206,2875
527,3221,2910
528,3227,2825
529,3234,2866
530,3234,2745
531,3225,2838
532,3239,2843
533,3241,2732
534,3237,2803
535,3245,2910
536,3264,2800
537,3286,2775
538,3310,2749
539,3309,2767
540,3303,2768
541,3312,2853
542,3315,2727
543,3314,2736
544,3319,2691
545,3323,2672
546,3331,2757
547,3318,2782
548,3327,2609
549,3339,2674
550,3335,2742
551,3337,2752
552,3339,2801
553,3335,2832
554,3337,2833
555,3325,2800
556,3323,2703
557,3312,2762
558,3312,2725
559,3299,2725
560,3287,2681
561,3262,2678
562,3199,2717
563,3109,2690
564,2986,2704
565,2833,2691
566,2607,2709
567,2307,2719
568,1941,2813
569,1595,2789
570,913,2819
571,682,2723
572,450,2684
573,367,2575
574,243,2576
575,80,2466
576,16,2448
577,13,2405
578,0,2421
579,2,2365
580,0,2394
581,23,2299
582,45,2314
583,0,2240
584,0,2254
585,0,2151
586,0,2131
587,0,2039
588,0,1982
589,0,1821
590,0,1733
591,0,1667
592,0,1650
593,0,1585
594,0,1597
595,0,1552
596,0,1582
597,0,1550
598,0,1531
599,0,1494
600,0,1509
601,0,1482
602,0,1483
603,0,1456
604,0,1459
605,0,1433
606,0,1409
607,0,1405
608,0,1408
609,0,1424
610,0,1425
611,0,1425
612,0,1442
613,0,1450
614,0,1447
615,0,1456
616,0,1455
617,0,1441
618,0,1425
619,0,1430
620,0,1424
621,0,1453
622,0,1441
623,0,1442
624,0,1454
625,0,1467
626,0,1473
627,0,1475
628,0,1451
629,0,1478
630,0,1466
631,0,1457
632,0,1439
633,0,1488
634,0,1471
635,0,1474
636,0,1467
637,0,1472
638,0,1456
639,0,1463
640,0,1446
641,0,1471
642,0,1461
643,0,1470
644,0,1467
645,0,1488
646,0,1479
647,0,1483
648,0,1483
649,0,1485
650,0,1483
651,0,1501
652,0,1493
653,0,1533
654,0,1520
655,0,1518
656,0,1522
657,0,1519
658,0,1534
659,0,1501
660,0,1523
661,0,1552
662,0,1519
663,0,1473
664,0,1477
665,0,1482
666,0,1498
667,0,1495
668,0,1515
669,0,1488
670,0,1520
671,0,1504
672,0,1515
673,0,1486
674,0,1527
675,0,1511
676,0,1531
677,0,1495
678,0,1517
679,0,1501
680,0,1519
681,0,1487
682,0,1521
683,0,1501
684,0,1525
685,0,1516
686,0,1549
687,0,1579
688,0,1633
689,0,1728
690,0,1837
691,0,1899
692,35,1962
693,144,2042
694,224,2079
695,274,2165
696,300,2206
697,320,2284
698,375,2304
699,519,2377
700,507,2427
701,532,2474
702,634,2473
703,890,2589
704,1197,2656
705,1347,2789
706,1413,2868
707,1535,2965
708,1781,2844
709,1954,2891
710,2064,2743
711,2158,2767
712,2293,2759
713,2423,2771
714,2461,2724
715,2490,2767
716,2512,2757
717,2521,2899
718,2576,2804
719,2599,2867
720,2608,2823
721,2626,2863
722,2635,2814
723,2613,2833
724,2587,2845
725,2587,2903
726,2592,2880
727,2595,2898
728,2590,2921
729,2592,2917
730,2595,2910
731,2582,2881
732,2539,2886
733,2517,2928
734,2525,2895
735,2544,2930
736,2522,2953
737,2513,2895
738,2511,2871
739,2501,2878
740,2546,2960
741,2599,2862
742,2606,2894
743,2609,2870
744,2622,2938
745,2633,2810
746,2625,2950
747,2631,2877
748,2640,2999
749,2638,2876
750,2637,2941
751,2657,2858
752,2672,2921
753,2681,2815
754,2687,2901
755,2687,2846
756,2697,2886
757,2687,2841
758,2689,2915
759,2684,2837
760,2680,2842
761,2675,2839
762,2687,2943
763,2685,2896
764,2703,2960
765,2707,2947
766,2725,2949
767,2741,2939
768,2753,2917
769,2767,2928
770,2773,2960
771,2786,2906
772,2795,2922
773,2802,2879
774,2818,2871
775,2813,2933
776,2815,2897
777,2823,2994
778,2819,2960
779,2814,2942
780,2822,2887
781,2806,2959
782,2782,2945
783,2781,2954
784,2790,2937
785,2777,2981
786,2778,2879
787,2781,2917
788,2782,2950
789,2787,3050
790,2775,3018
791,2781,3005
792,2775,2843
793,2798,2941
794,2795,2853
795,2800,2910
796,2805,2815
797,2822,2778
798,2832,2800
799,2833,2832
800,2834,2757
801,2819,2854
802,2819,2794
803,2777,2832
804,2778,2800
805,2775,2869
806,2775,2797
807,2770,3005
808,2797,2913
809,2815,2887
810,2817,2807
811,2810,2861
812,2827,2831
813,2855,2810
814,2870,2769
815,2870,2790
816,2876,2865
817,2864,2795
818,2878,2864
819,2867,2887
820,2861,2919
821,2864,2905
822,2863,2928
823,2864,2896
824,2863,2896
825,2857,2901
826,2850,2950
827,2823,2838
828,2787,2891
829,2736,2800
830,2672,2832
831,2673,2832
832,2672,2881
833,2703,2820
834,2733,2971
835,2746,2925
836,2778,2994
837,2799,2893
838,2796,3057
839,2800,2943
840,2796,2906
841,2801,2815
842,2795,2888
843,2789,2829
844,2795,2897
845,2788,2839
846,2766,2866
847,2736,2832
848,2611,2864
849,2427,2825
850,2182,2870
851,2026,2837
852,1781,2895
853,1626,2868
854,1313,2926
855,1189,2975
856,1057,2951
857,993,2902
858,842,2882
859,462,2911
860,297,2855
861,211,2737
862,112,2650
863,0,2544
864,0,2458
865,0,2350
866,0,2246
867,0,2165
868,0,2015
869,0,1881
870,0,1783
871,0,1706
872,0,1635
873,0,1577
874,0,1520
875,0,1533
876,0,1491
877,0,1504
878,0,1495
879,0,1535
880,0,1520
881,0,1523
882,0,1535
883,0,1591
884,0,1627
885,0,1663
886,0,1629
887,0,1643
888,0,1602
889,0,1616
890,0,1585
891,0,1565
892,0,1515
893,0,1517
894,0,1549
895,0,1552
896,0,1520
897,0,1522
898,0,1503
899,0,1521
900,0,1503
901,0,1498
902,0,1517
903,0,1520
904,0,1467
905,0,1465
906,0,1472
907,0,1502
908,0,1488
909,0,1488
910,0,1491
911,0,1494
912,0,1502
913,0,1506
914,0,1488
915,0,1495
916,0,1504
917,0,1483
918,0,1514
919,0,1503
920,0,1526
921,0,1517
922,0,1522
923,0,1525
924,0,1543
925,0,1532
926,0,1529
927,0,1499
928,0,1515
929,0,1506
930,0,1520
931,0,1499
932,0,1527
933,0,1519
934,0,1570
935,0,1535
936,0,1552
937,0,1521
938,0,1563
939,0,1520
940,0,1535
941,0,1511
942,0,1527
943,0,1519
944,0,1530
945,0,1514
946,0,1513
947,0,1510
948,0,1534
949,0,1514
950,0,1518
951,0,1517
952,0,1530
953,0,1546
954,0,1534
955,0,1533
956,0,1531
957,0,1535
958,0,1521
959,0,1522
960,0,1525
961,0,1557
962,0,1549
963,0,1533
964,0,1546
965,0,1553
966,0,1517
967,0,1509
968,0,1524
969,0,1555
970,0,1530
971,0,1533
972,0,1552
973,0,1638
974,0,1645
975,0,1691
976,0,1675
977,0,1714
978,0,1711
979,0,1765
980,0,1807
981,0,1913
982,0,1957
983,128,2098
984,349,2178
985,392,2315
986,487,2369
987,816,2425
988,1085,2666
989,1398,2816
990,1797,2885
991,1907,2938
992,1995,2896
993,2087,2934
994,2176,2934
995,2287,2954
996,2349,2944
997,2384,2960
998,2416,2940
999,2487,2992
1000,2544,2981
1001,2606,2887
1002,2657,2918
1003,2706,2960
1004,2745,3013
1005,2782,2929
1006,2807,2916
1007,2826,2881
1008,2845,2963
1009,2861,2831
1010,2879,2870
1011,2878,2843
1012,2892,2944
1013,2907,2818
1014,2934,2878
1015,2943,2789
1016,2946,2832
1017,2945,2767
1018,2944,2800
1019,2951,2759
1020,2947,2784
1021,2953,2801
1022,2960,2957
1023,2965,2944
1024,2961,3001
1025,2970,2896
1026,2973,2935
1027,2981,2889
1028,2981,2934
1029,2995,2843
1030,3001,2864
1031,2994,2837
1032,3002,2866
1033,2997,2864
1034,2999,2906
1035,3007,2934
1036,2993,2843
1037,2990,2817
1038,2992,2826
1039,2992,2806
1040,3001,2810
1041,3008,2800
1042,2999,2879
1043,2992,2891
1044,2989,2879
1045,2981,2893
1046,2961,2797
1047,2931,2881
1048,2901,2847
1049,2853,2870
1050,2798,2870
1051,2811,2883
1052,2794,2861
1053,2853,2853
1054,2896,2752
1055,2928,2801
1056,2939,2651
1057,2958,2782
1058,2960,2687
1059,2960,2802
1060,2962,2715
1061,2973,2782
1062,2978,2675
1063,2986,2855
1064,2989,2733
1065,2991,2802
1066,2976,2806
1067,2967,2864
1068,2933,2838
1069,2913,2965
1070,2919,2857
1071,2931,2926
1072,2956,2786
1073,2955,2902
1074,2945,2886
1075,2944,2881
1076,2931,2849
1077,2950,2903
1078,2957,2916
1079,2970,2885
1080,2974,2851
1081,2974,2799
1082,2930,2813
1083,2919,2802
1084,2928,2931
1085,2957,2979
1086,2960,2963
1087,2935,2995
1088,2911,2991
1089,2894,2959
1090,2869,2947
1091,2893,2960
1092,2926,2939
1093,2955,2939
1094,2975,3049
1095,2979,2928
1096,2982,3006
1097,2983,2914
1098,2987,2925
1099,2979,2931
1100,2976,3050
1101,2962,2894
1102,2960,2977
1103,2960,2967
1104,2970,3012
1105,2990,2941
1106,2992,3095
1107,2987,3007
1108,2995,3031
1109,2993,2910
1110,2993,3031
1111,2995,2951
1112,3001,3005
1113,3005,2919
1114,2994,2961
1115,2995,2909
1116,2992,2933
1117,2986,2825
1118,2991,2919
1119,2982,2900
1120,2924,2969
1121,2914,2908
1122,2924,2897
1123,2951,2899
1124,2973,2875
1125,2967,2903
1126,2960,2879
1127,2935,2912
1128,2943,2861
1129,2961,2935
1130,2987,2918
1131,2989,2992
1132,2946,2946
1133,2943,2915
1134,2960,2864
1135,2953,2871
1136,2959,2817
1137,2961,2895
1138,2959,2870
1139,2908,2899
1140,2867,2855
1141,2801,2918
1142,2673,2834
1143,2495,2928
1144,2352,2899
1145,2079,2967
1146,1712,2877
1147,1383,2935
1148,1040,2873
1149,642,2948
1150,464,2816
1151,417,2832
1152,0,2651
1153,0,2575
1154,0,2369
1155,0,2226
1156,0,1997
1157,0,1809
1158,0,1662
1159,0,1581
1160,0,1477
1161,0,1471
1162,0,1436
1163,0,1453
1164,0,1410
1165,0,1427
1166,0,1398
1167,0,1418
1168,0,1407
1169,0,1411
1170,0,1424
1171,0,1456
1172,0,1421
1173,0,1455
1174,0,1437
1175,0,1445
1176,0,1431
1177,0,1466
1178,0,1453
1179,0,1456
1180,0,1456
1181,0,1462
1182,0,1458
1183,0,1456
1184,0,1457
1185,0,1434
1186,0,1429
1187,0,1443
1188,0,1442
1189,0,1472
1190,0,1450
1191,0,1450
1192,0,1456
1193,0,1445
1194,0,1437
1195,0,1407
1196,0,1389
1197,0,1386
1198,0,1404
1199,0,1392
1200,0,1393
1201,0,1372
1202,0,1399
1203,0,1362
1204,0,1364
1205,0,1360
1206,0,1409
1207,0,1408
1208,0,1416
1209,0,1392
1210,0,1403
1211,0,1408
1212,0,1432
1213,0,1407
1214,0,1438
1215,0,1424
1216,0,1428
1217,0,1435
1218,0,1455
1219,0,1455
1220,0,1462
1221,0,1456
1222,0,1446
1223,0,1473
1224,0,1465
1225,0,1462
1226,0,1451
1227,0,1462
1228,0,1474
1229,0,1477
1230,0,1474
1231,0,1531
1232,0,1587
1233,0,1744
1234,94,1824
1235,145,1991
1236,158,2080
1237,268,2203
1238,241,2299
1239,637,2462
1240,1107,2502
1241,1291,2719
1242,1567,2695
1243,1739,2869
1244,1834,2838
1245,1863,2960
1246,1902,2923
1247,1937,2990
1248,2017,3010
1249,2145,3007
1250,2288,2887
1251,2415,2949
1252,2508,2921
1253,2608,2970
1254,2656,2971
1255,2688,2989
1256,2749,2924
1257,2774,2833
1258,2823,2830
1259,2867,2880
1260,2909,2923
1261,2960,2970
1262,2990,2885
1263,3007,2882
1264,3024,2891
1265,3007,2889
1266,3013,2925
1267,3015,2982
1268,3024,2960
1269,3024,2982
1270,3029,2896
1271,3041,2833
1272,3057,2904
1273,3047,2950
1274,3053,3045
1275,3070,3097
1276,3051,3055
1277,3030,2879
1278,3063,2896
1279,3069,2921
1280,3071,3006
1281,3088,2910
1282,3093,2951
1283,3071,2925
1284,3089,2854
1285,3094,2897
1286,3094,2927
1287,3104,2960
1288,3091,2965
1289,3081,2879
1290,3079,2978
1291,3056,2927
1292,3051,2959
1293,3035,2842
1294,3024,2927
1295,3040,2855
1296,3014,2931
1297,3011,2897
1298,3003,2887
1299,3007,2929
1300,3007,2990
1301,3015,2938
1302,2983,3044
1303,2976,2885
1304,2986,3030
1305,2948,2934
1306,2958,2938
1307,2944,2943
1308,2957,2962
1309,2968,2986
1310,2983,2974
1311,2987,2980
1312,2993,2967
1313,2997,3010
1314,3007,2974
1315,3011,2959
1316,3005,2893
1317,3006,2967
1318,2985,2847
1319,2996,3022
1320,2998,2992
1321,2997,2969
1322,2992,2832
1323,2987,2928
1324,2997,2902
1325,2993,2958
1326,2981,2880
1327,2979,2974
1328,2971,2915
1329,2933,2873
1330,2928,2805
1331,2923,2864
1332,2903,2882
1333,2913,2926
1334,2910,2800
1335,2929,2868
1336,2938,2859
1337,2941,2909
1338,2937,2844
1339,2938,2919
1340,2944,2894
1341,2947,2915
1342,2946,2815
1343,2959,2811
1344,2955,2735
1345,2953,2799
1346,2957,2742
1347,2949,2825
1348,2939,2805
1349,2943,2871
1350,2939,2757
1351,2938,2784
1352,2941,2798
1353,2948,2807
1354,2941,2846
1355,2928,2859
1356,2930,2893
1357,2930,2886
1358,2926,2880
1359,2914,2864
1360,2896,2949
1361,2864,2893
1362,2803,2945
1363,2727,2868
1364,2611,2933
1365,2573,2897
1366,2516,2983
1367,2406,2917
1368,2277,2966
1369,2062,2950
1370,1683,3043
1371,1346,3003
1372,1009,3131
1373,779,3069
1374,422,3206
1375,127,3131
1376,92,3160
1377,0,3028
1378,0,2992
1379,90,2838
1380,0,2783
1381,73,2657
1382,74,2608
1383,0,2422
1384,0,2228
1385,0,2000
1386,0,1865
1387,0,1703
1388,0,1618
1389,0,1534
1390,0,1509
1391,0,1463
1392,0,1473
1393,0,1447
1394,0,1465
1395,0,1454
1396,0,1440
1397,0,1433
1398,0,1469
1399,0,1471
1400,0,1488
1401,0,1462
1402,0,1456
1403,0,1459
1404,0,1456
1405,0,1439
1406,0,1445
1407,0,1419
1408,0,1423
1409,0,1400
1410,0,1393
1411,0,1403
1412,0,1387
1413,0,1390
1414,0,1389
1415,0,1385
1416,0,1359
1417,0,1374
1418,0,1346
1419,0,1349
1420,0,1338
1421,0,1358
1422,0,1334
1423,0,1350
1424,0,1337
1425,0,1328
1426,0,1313
1427,0,1303
1428,0,1302
1429,0,1313
1430,0,1295
1431,0,1339
1432,0,1304
1433,0,1301
1434,0,1299
1435,0,1314
1436,0,1299
1437,0,1308
1438,0,1283
1439,0,1303
1440,0,1296
1441,0,1302
1442,0,1274
1443,0,1285
1444,0,1287
1445,0,1275
1446,0,1264
1447,0,1275
1448,0,1264
1449,0,1275
1450,0,1274
1451,0,1283
1452,0,1321
1453,0,1399
1454,0,1487
1455,20,1569
1456,76,1678
1457,113,1744
1458,443,1792
1459,738,1867
1460,1424,1977
1461,1679,2027
1462,1744,2158
1463,1936,2134
1464,2086,2173
1465,2254,2150
1466,2367,2193
1467,2438,2130
1468,2491,2102
1469,2519,2124
1470,2581,2133
1471,2661,2116
1472,2731,2143
1473,2768,2127
1474,2791,2165
1475,2816,2093
1476,2835,2127
1477,2855,2106
1478,2866,2102
1479,2896,2070
1480,2905,2135
1481,2896,2144
1482,2885,2185
1483,2864,2159
1484,2832,2196
1485,2821,2192
1486,2826,2194
1487,2837,2192
1488,2842,2191
1489,2837,2199
1490,2829,2275
1491,2807,2288
1492,2802,2272
1493,2800,2350
1494,2800,2263
1495,2803,2342
1496,2822,2323
1497,2851,2320
1498,2821,2290
1499,2806,2363
1500,2810,2425
1501,2814,2412
1502,2833,2352
1503,2824,2401
1504,2829,2384
1505,2858,2336
1506,2884,2309
1507,2896,2356
1508,2896,2431
1509,2906,2431
1510,2907,2325
1511,2918,2437
1512,2905,2402
1513,2907,2410
1514,2910,2320
1515,2909,2323
1516,2917,2329
1517,2913,2352
1518,2909,2306
1519,2913,2374
1520,2927,2343
1521,2925,2370
1522,2928,2356
1523,2931,2378
1524,2917,2323
1525,2923,2367
1526,2928,2358
1527,2930,2397
1528,2933,2420
1529,2931,2427
1530,2930,2363
1531,2930,2329
1532,2930,2379
1533,2931,2350
1534,2928,2338
1535,2935,2321
1536,2934,2343
1537,2927,2352
1538,2928,2404
1539,2928,2363
1540,2901,2363
1541,2896,2302
1542,2887,2361
1543,2880,2347
1544,2881,2391
1545,2869,2481
1546,2877,2478
1547,2881,2377
1548,2867,2383
1549,2877,2345
1550,2873,2379
1551,2877,2322
1552,2881,2374
1553,2886,2321
1554,2886,2407
1555,2879,2320
1556,2880,2327
1557,2880,2298
1558,2883,2350
1559,2883,2349
1560,2885,2367
1561,2892,2291
1562,2886,2357
1563,2885,2313
1564,2882,2368
1565,2889,2343
1566,2887,2358
1567,2881,2314
1568,2896,2345
1569,2907,2291
1570,2884,2395
1571,2878,2320
1572,2889,2320
1573,2890,2314
1574,2883,2343
1575,2877,2318
1576,2883,2295
1577,2891,2257
1578,2896,2278
1579,2898,2301
1580,2907,2330
1581,2898,2343
1582,2910,2320
1583,2902,2310
1584,2865,2304
1585,2875,2311
1586,2895,2303
1587,2873,2343
1588,2862,2365
1589,2850,2333
1590,2846,2309
1591,2842,2302
1592,2858,2298
1593,2858,2378
1594,2864,2390
1595,2882,2416
1596,2885,2377
1597,2896,2416
1598,2887,2349
1599,2879,2400
1600,2871,2480
1601,2871,2495
1602,2875,2467
1603,2887,2426
1604,2873,2343
1605,2869,2391
1606,2859,2347
1607,2845,2371
1608,2832,2255
1609,2832,2288
1610,2834,2271
1611,2829,2291
1612,2845,2193
1613,2845,2239
1614,2850,2263
1615,2860,2304
1616,2878,2247
1617,2861,2327
1618,2866,2311
1619,2866,2361
1620,2884,2326
1621,2898,2359
1622,2894,2306
1623,2898,2307
1624,2896,2262
1625,2894,2243
1626,2901,2302
1627,2861,2282
1628,2905,2345
1629,2894,2347
1630,2894,2339
1631,2897,2367
1632,2895,2374
1633,2895,2279
1634,2909,2282
1635,2890,2252
1636,2893,2288
1637,2887,2227
1638,2878,2291
1639,2867,2271
1640,2858,2288
1641,2823,2241
1642,2774,2288
1643,2693,2245
1644,2541,2311
1645,2275,2266
1646,2066,2303
1647,1808,2273
1648,1446,2310
1649,1210,2312
1650,934,2374
1651,559,2338
1652,345,2318
1653,273,2196
1654,222,2159
1655,112,2064
1656,0,2029
1657,9,1922
1658,0,1915
1659,0,1841
1660,0,1827
1661,0,1721
1662,0,1629
1663,0,1533
1664,0,1461
1665,0,1409
1666,0,1366
1667,0,1341
1668,0,1328
1669,0,1301
1670,0,1301
1671,0,1285
1672,0,1285
1673,0,1281
1674,0,1286
1675,0,1253
1676,0,1260
1677,0,1261
1678,0,1269
1679,0,1241
1680,0,1242
1681,0,1275
1682,0,1248
1683,0,1232
1684,0,1241
1685,0,1262
1686,0,1223
1687,0,1233
1688,0,1233
1689,0,1278
1690,0,1296
1691,0,1269
1692,0,1251
1693,0,1281
1694,0,1291
1695,0,1264
1696,0,1247
1697,0,1232
1698,0,1215
1699,0,1218
1700,0,1232
1701,0,1231
1702,0,1205
1703,0,1200
1704,0,1197
1705,0,1201
1706,0,1232
1707,0,1211
1708,0,1229
1709,0,1209
1710,0,1198
1711,0,1236
1712,0,1213
1713,0,1215
1714,0,1200
1715,0,1253
1716,0,1251
1717,0,1271
1718,0,1295
1719,0,1378
1720,0,1426
1721,22,1472
1722,53,1520
1723,31,1649
1724,0,1689
1725,295,1743
1726,592,1822
1727,939,1872
1728,1168,1941
1729,1378,2064
1730,1599,2083
1731,1512,2091
1732,1614,2096
1733,1756,2044
1734,1791,2143
1735,1808,2102
1736,1878,2139
1737,1987,2070
1738,2029,2064
1739,2047,2058
1740,2032,2080
1741,2000,2018
1742,2032,2062
1743,1974,2006
1744,1999,2009
1745,2011,2001
1746,2011,2097
1747,2015,2134
1748,2057,2203
1749,2066,2182
1750,2060,2305
1751,2058,2215
1752,2067,2186
1753,2070,2133
1754,2096,2098
1755,2094,2045
1756,2092,2028
1757,2071,2085
1758,2077,2098
1759,2076,2096
1760,2074,2115
1761,2082,2068
1762,2097,2046
1763,2099,2039
1764,2096,2065
1765,2112,2125
1766,2103,2128
1767,2116,2101
1768,2119,2086
1769,2119,2078
1770,2113,2025
1771,2112,2021
1772,2112,2060
1773,2116,2059
1774,2111,2041
1775,2123,2057
1776,2123,2043
1777,2126,2002
1778,2112,1943
1779,2110,1999
1780,2106,2015
1781,2103,2079
1782,2083,2112
1783,2078,2101
1784,2081,2011
1785,2086,2112
1786,2094,2099
1787,2081,2159
1788,2086,1997
1789,2093,2061
1790,2169,2067
1791,2096,2103
1792,2087,2020
1793,2102,2133
1794,2113,2064
1795,2104,2064
1796,2113,2011
1797,2109,2016
1798,2103,2002
1799,2071,2036
1800,2077,1985
1801,2075,2031
1802,2058,1990
1803,2017,2039
1804,1989,2009
1805,2006,2070
1806,2011,2079
1807,1986,2078
1808,1968,2067
1809,1964,2023
1810,1957,1985
1811,1967,2028
1812,1971,2020
1813,1979,2041
1814,2000,2030
1815,2000,2037
1816,1973,2059
1817,1995,2077
1818,2045,2067
1819,2064,2079
1820,2070,2095
1821,2079,2055
1822,2090,2022
1823,2091,2079
1824,2124,2096
1825,2139,2044
1826,2133,2032
1827,2151,2065
1828,2172,2090
1829,2176,2074
1830,2192,2112
1831,2224,2043
1832,2219,2115
1833,2227,2128
1834,2242,2164
1835,2255,2166
1836,2267,2202
1837,2267,2160
1838,2273,2250
1839,2276,2194
1840,2275,2217
1841,2257,2218
1842,2226,2263
1843,2237,2235
1844,2213,2262
1845,2214,2263
1846,2185,2325
1847,2155,2278
1848,2182,2274
1849,2171,2228
1850,2194,2237
1851,2231,2189
1852,2251,2215
1853,2270,2273
1854,2270,2326
1855,2249,2288
1856,2234,2293
1857,2249,2240
1858,2256,2224
1859,2266,2243
1860,2269,2273
1861,2277,2265
1862,2284,2260
1863,2293,2202
1864,2310,2220
1865,2320,2202
1866,2320,2245
1867,2327,2240
1868,2325,2240
1869,2335,2294
1870,2345,2279
1871,2329,2289
1872,2326,2251
1873,2320,2278
1874,2293,2256
1875,2281,2241
1876,2283,2256
1877,2281,2266
1878,2297,2229
1879,2286,2231
1880,2285,2235
1881,2299,2205
1882,2302,2219
1883,2310,2229
1884,2306,2171
1885,2320,2213
1886,2323,2198
1887,2349,2238
1888,2310,2177
1889,2279,2225
1890,2267,2162
1891,2237,2193
1892,2094,2127
1893,1808,2164
1894,1647,2120
1895,1323,2136
1896,925,2084
1897,434,2131
1898,48,2112
1899,0,2139
1900,0,2080
1901,0,2066
1902,0,1975
1903,0,1936
1904,0,1825
1905,0,1771
1906,0,1690
1907,0,1677
1908,0,1628
1909,0,1584
1910,0,1487
1911,0,1441
1912,0,1408
1913,0,1385
1914,0,1360
1915,0,1335
1916,0,1328
1917,0,1328
1918,0,1346
1919,0,1348
1920,0,1345
1921,0,1354
1922,0,1362
1923,0,1359
1924,0,1369
1925,0,1353
1926,0,1349
1927,0,1341
1928,0,1334
1929,0,1324
1930,0,1318
1931,0,1321
1932,0,1344
1933,0,1370
1934,0,1382
1935,0,1372
1936,0,1344
1937,0,1335
1938,0,1347
1939,0,1328
1940,0,1312
1941,0,1293
1942,0,1299
1943,0,1280
1944,0,1303
1945,0,1295
1946,0,1314
1947,0,1302
1948,0,1299
1949,0,1295
1950,0,1293
1951,0,1292
1952,0,1280
1953,0,1254
1954,0,1253
1955,0,1235
1956,0,1230
1957,0,1250
1958,0,1253
1959,0,1231
1960,0,1216
1961,0,1233
1962,0,1261
1963,0,1250
1964,0,1245
1965,0,1231
1966,0,1215
1967,0,1200
1968,0,1224
1969,0,1251
1970,0,1258
1971,0,1229
1972,0,1233
1973,0,1239
1974,0,1235
1975,0,1229
1976,0,1219
1977,0,1229
1978,0,1225
1979,0,1206
1980,0,1184
1981,0,1187
1982,0,1199
1983,0,1200
1984,0,1214
1985,0,1209
1986,0,1199
1987,0,1191
1988,0,1182
1989,0,1191
1990,0,1187
1991,0,1198
1992,0,1202
1993,0,1184
1994,0,1181
1995,0,1191
1996,0,1197
1997,0,1195
1998,0,1191
1999,0,1205
2000,0,1199
2001,0,1200
2002,0,1191
2003,0,1218
2004,0,1200
2005,0,1195
2006,0,1216
2007,0,1214
2008,0,1214
2009,0,1201
2010,0,1205
2011,0,1235
2012,0,1264
2013,0,1296
2014,0,1288
2015,0,1287
2016,0,1273
2017,0,1264
2018,0,1266
2019,0,1283
2020,0,1282
2021,0,1301
2022,0,1307
2023,0,1296
2024,0,1294
2025,0,1295
2026,0,1286
2027,0,1280
2028,0,1264
2029,0,1242
2030,0,1236
2031,0,1264
2032,0,1307
2033,0,1294
2034,0,1323
2035,0,1357
2036,0,1401
2037,0,1392
2038,109,1566
2039,242,1587
2040,272,1660
2041,667,1653
2042,1072,1807
2043,1238,1842
2044,1427,1933
2045,1591,2002
2046,1684,1984
2047,1787,1936
2048,1995,1990
2049,2164,1953
2050,2221,2025
2051,2263,2032
2052,2288,2096
2053,2287,2066
2054,2291,2075
2055,2303,2134
2056,2330,2167
2057,2384,2082
2058,2377,2102
2059,2385,2065
2060,2415,2115
2061,2408,2109
2062,2413,2064
2063,2418,2089
2064,2416,2080
2065,2416,2079
2066,2448,1979
2067,2415,2012
2068,2427,2027
2069,2411,2087
2070,2409,2009
2071,2401,1980
2072,2384,1993
2073,2395,2063
2074,2393,2069
2075,2397,2154
2076,2409,2106
2077,2410,2125
2078,2402,2057
2079,2411,2106
2080,2411,2030
2081,2396,2047
2082,2387,2046
2083,2395,2014
2084,2401,1959
2085,2402,2076
2086,2400,2022
2087,2387,2087
2088,2368,2054
2089,2381,2115
2090,2355,2084
2091,2365,2090
2092,2368,1997
2093,2373,2032
2094,2368,2030
2095,2365,2047
2096,2384,2039
2097,2386,2037
2098,2382,2057
2099,2378,2099
2100,2382,2068
2101,2371,2077
2102,2367,2087
2103,2374,2178
2104,2374,2163
2105,2382,2135
2106,2384,2115
2107,2401,2062
2108,2398,2042
2109,2410,2022
2110,2416,2038
2111,2407,1969
2112,2416,2031
2113,2418,2011
2114,2399,2083
2115,2384,2061
2116,2384,2047
2117,2384,1952
2118,2382,2047
2119,2383,2030
2120,2400,2034
2121,2400,2058
2122,2403,2083
2123,2409,2057
2124,2400,2078
2125,2416,2054
2126,2416,2093
2127,2416,2112
2128,2423,2106
2129,2439,2074
2130,2448,2110
2131,2454,2126
2132,2465,2162
2133,2469,2137
2134,2465,2172
2135,2474,2139
2136,2465,2089
2137,2465,2062
2138,2478,2083
2139,2475,2016
2140,2473,2093
2141,2467,2013
2142,2465,2022
2143,2464,2005
2144,2452,2064
2145,2450,2039
2146,2458,2031
2147,2457,2013
2148,2437,2029
2149,2452,2011
2150,2449,2111
2151,2451,2055
2152,2462,2013
2153,2463,1971
2154,2473,1963
2155,2464,1999
2156,2463,2001
2157,2467,2015
2158,2481,2013
2159,2481,2033
2160,2496,2009
2161,2498,2000
2162,2512,1995
2163,2515,2012
2164,2525,1963
2165,2527,2011
2166,2527,1977
2167,2541,1984
2168,2539,1995
2169,2545,2015
2170,2546,1990
2171,2539,2043
2172,2544,2015
2173,2543,2083
2174,2544,2079
2175,2551,2062
2176,2551,1920
2177,2546,1959
2178,2549,1975
2179,2559,2026
2180,2559,1962
2181,2559,2021
2182,2538,1983
2183,2544,2026
2184,2541,2023
2185,2537,2074
2186,2543,2059
2187,2531,2083
2188,2530,2043
2189,2542,2003
2190,2533,1981
2191,2538,2002
2192,2531,2026
2193,2538,2090
2194,2528,2045
2195,2538,2080
2196,2530,2039
2197,2515,2060
2198,2524,2001
2199,2534,2032
2200,2538,1942
2201,2527,1972
2202,2542,2044
2203,2545,2022
2204,2544,1971
2205,2538,1983
2206,2538,1968
2207,2531,1977
2208,2527,1962
2209,2529,1958
2210,2506,2063
2211,2503,2194
2212,2509,2256
2213,2511,2207
2214,2514,2192
2215,2533,2226
2216,2531,2224
2217,2519,2175
2218,2485,2185
2219,2491,2247
2220,2482,2269
2221,2480,2146
2222,2496,2385
2223,2487,2370
2224,2501,2495
2225,2554,2398
2226,2559,2263
2227,2576,2285
2228,2567,2307
2229,2542,2121
2230,2573,2235
2231,2583,2153
2232,2594,2013
2233,2604,2032
2234,2559,2073
2235,2558,2055
2236,2567,2087
2237,2575,2063
2238,2567,2159
2239,2547,2219
2240,2557,2171
2241,2544,2109
2242,2498,2107
2243,2462,2129
2244,2395,2237
2245,2443,2205
2246,2384,2109
2247,2401,2069
2248,2416,2054
2249,2378,2017
2250,2295,2080
2251,2240,1955
2252,2189,1968
2253,2056,1973
2254,1918,1999
2255,1746,2009
2256,1566,2027
2257,1447,2014
2258,1288,2002
2259,1095,2005
2260,690,2017
2261,578,1994
2262,395,2017
2263,214,2014
2264,117,1968
2265,78,1895
2266,77,1789
2267,0,1755
2268,0,1698
2269,0,1597
2270,0,1482
2271,0,1385
2272,0,1328
2273,0,1274
2274,0,1246
2275,0,1217
2276,0,1206
2277,0,1199
2278,0,1183
2279,0,1177
2280,0,1180
2281,0,1184
2282,0,1169
2283,0,1169
2284,0,1197
2285,0,1232
2286,0,1237
2287,0,1257
2288,0,1277
2289,0,1273
2290,0,1242
2291,0,1261
2292,0,1234
2293,0,1248
2294,0,1222
2295,0,1206
2296,0,1221
2297,0,1231
2298,0,1209
2299,0,1250
2300,0,1249
2301,0,1261
2302,0,1254
2303,0,1241
2304,0,1232
2305,0,1239
2306,0,1233
2307,0,1221
2308,0,1223
2309,0,1234
2310,0,1242
2311,0,1228
2312,0,1207
2313,0,1201
2314,0,1195
2315,0,1203
2316,0,1181
2317,0,1180
2318,0,1182
2319,0,1185
2320,0,1221
2321,0,1303
2322,0,1470
2323,125,1547
2324,694,1637
2325,784,1735
2326,977,1846
2327,1138,1863
2328,1213,1926
2329,1375,1939
2330,1473,1987
2331,1513,1983
2332,1486,2001
2333,1620,1975
2334,1754,2005
2335,1781,1957
2336,1789,2047
2337,1790,1968
2338,1787,2015
2339,1824,1983
2340,1835,1989
2341,1836,1948
2342,1839,1963
2343,1823,1990
2344,1809,2032
2345,1813,1987
2346,1827,1983
2347,1840,1985
2348,1846,2007
2349,1866,2000
2350,1866,2000
2351,1870,1991
2352,1866,1999
2353,1858,1986
2354,1869,1986
2355,1871,1979
2356,1866,1955
2357,1862,1977
2358,1865,1989
2359,1858,1986
2360,1865,1993
2361,1871,2010
2362,1873,2005
2363,1877,1973
2364,1872,1983
2365,1883,2017
2366,1873,2026
2367,1872,2035
2368,1875,1973
2369,1878,1975
2370,1886,1978
2371,1904,1983
2372,1925,1939
2373,1951,1996
2374,1970,2019
2375,2014,2075
2376,2063,2082
2377,2182,2064
2378,2229,1984
2379,2256,2015
2380,2289,1970
2381,2293,2045
2382,2304,1984
2383,2310,2001
2384,2298,1933
2385,2305,1975
2386,2306,1987
2387,2314,2039
2388,2320,1953
2389,2317,1949
2390,2320,1904
2391,2325,1926
2392,2338,2010
2393,2338,1990
2394,2339,1955
2395,2361,2007
2396,2378,1926
2397,2385,1963
2398,2385,1981
2399,2385,2067
2400,2398,2027
2401,2402,1981
2402,2413,2035
2403,2402,2000
2404,2426,1987
2405,2435,1953
2406,2439,1913
2407,2446,1910
2408,2447,1911
2409,2460,1925
2410,2468,2003
2411,2463,1968
2412,2468,1978
2413,2480,1946
2414,2471,2017
2415,2466,2006
2416,2466,1993
2417,2464,2067
2418,2476,2082
2419,2475,2019
2420,2478,2007
2421,2469,1994
2422,2513,2025
2423,2475,2031
2424,2469,2059
2425,2458,1999
2426,2462,2008
2427,2461,1984
2428,2462,1996
2429,2464,1985
2430,2469,2014
2431,2471,1937
2432,2465,1965
2433,2466,2007
2434,2474,1986
2435,2480,1941
2436,2466,2019
2437,2462,1967
2438,2467,1959
2439,2463,1968
2440,2470,1975
2441,2475,1969
2442,2471,2003
2443,2468,1968
2444,2467,2000
2445,2479,1929
2446,2469,1962
2447,2465,1936
2448,2475,1936
2449,2471,1939
2450,2459,1971
2451,2446,1991
2452,2443,1988
2453,2426,1975
2454,2429,1965
2455,2427,1952
2456,2422,1972
2457,2417,2019
2458,2419,2012
2459,2406,2011
2460,2417,1999
2461,2427,1991
2462,2425,1983
2463,2420,2000
2464,2422,1978
2465,2537,2021
2466,2425,2060
2467,2419,2027
2468,2418,2022
2469,2410,1974
2470,2416,1951
2471,2421,1954
2472,2425,1964
2473,2420,1988
2474,2418,1922
2475,2423,1973
2476,2426,2035
2477,2427,2026
2478,2431,2000
2479,2418,2029
2480,2416,1968
2481,2407,2141
2482,2413,2063
2483,2405,2026
2484,2395,2042
2485,2407,2045
2486,2422,2096
2487,2423,2113
2488,2416,2066
2489,2424,2137
2490,2435,2134
2491,2432,2163
2492,2441,2066
2493,2455,2112
2494,2448,1974
2495,2439,2007
2496,2416,1991
2497,2389,1994
2498,2372,1955
2499,2354,1984
2500,2314,2017
2501,2320,1977
2502,2329,1998
2503,2331,2074
2504,2352,1999
2505,2363,1958
2506,2391,2032
2507,2398,2028
2508,2384,2033
2509,2459,1943
2510,2331,1925
2511,2287,1913
2512,2222,1903
2513,2192,1872
2514,2076,1851
2515,1922,1819
2516,1775,1815
2517,1565,1830
2518,1348,1826
2519,1231,1781
2520,945,1871
2521,461,1808
2522,94,1789
2523,16,1702
2524,0,1664
2525,0,1580
2526,42,1467
2527,0,1374
2528,0,1311
2529,0,1264
2530,0,1234
2531,0,1227
2532,0,1263
2533,0,1265
2534,0,1233
2535,0,1199
2536,0,1157
2537,0,1141
2538,0,1149
2539,0,1166
2540,0,1216
2541,0,1262
2542,0,1271
2543,0,1267
2544,0,1277
2545,0,1284
2546,0,1273
2547,0,1241
2548,0,1223
2549,0,1189
2550,0,1200
2551,0,1181
2552,0,1175
2553,0,1165
2554,0,1200
2555,0,1205
2556,0,1197
2557,0,1196
2558,0,1217
2559,0,1228
2560,0,1243
2561,0,1216
2562,0,1197
2563,0,1199
2564,0,1206
2565,0,1179
2566,0,1171
2567,0,1179
2568,0,1181
2569,0,1201
2570,0,1232
2571,0,1236
2572,0,1233
2573,0,1264
2574,0,1281
2575,0,1296
2576,0,1350
2577,0,1349
2578,0,1330
2579,0,1338
2580,0,1328
2581,0,1355
2582,0,1366
2583,0,1413
2584,0,1447
2585,0,1488
2586,0,1479
2587,0,1506
2588,0,1476
2589,0,1495
2590,0,1463
2591,0,1511
2592,0,1492
2593,0,1510
2594,0,1474
2595,0,1471
2596,0,1456
2597,0,1457
2598,0,1417
2599,0,1415
2600,0,1392
2601,0,1410
2602,0,1382
2603,0,1499
2604,0,1507
2605,0,1519
2606,0,1479
2607,0,1469
2608,0,1590
2609,145,1737
2610,501,1949
2611,1121,2029
2612,1258,2196
2613,1469,2270
2614,1648,2363
2615,1800,2388
2616,1974,2416
2617,2102,2450
2618,2160,2512
2619,2254,2437
2620,2324,2509
2621,2377,2432
2622,2457,2512
2623,2493,2512
2624,2511,2583
2625,2544,2476
2626,2599,2509
2627,2628,2448
2628,2640,2494
2629,2683,2442
2630,2695,2453
2631,2716,2422
2632,2736,2529
2633,2738,2449
2634,2752,2463
2635,2765,2425
2636,2758,2480
2637,2760,2451
2638,2755,2453
2639,2767,2468
2640,2759,2518
2641,2767,2480
2642,2757,2495
2643,2782,2497
2644,2717,2477
2645,2774,2455
2646,2786,2451
2647,2781,2471
2648,2799,2484
2649,2795,2498
2650,2797,2495
2651,2789,2497
2652,2795,2555
2653,2806,2522
2654,2810,2506
2655,2808,2512
2656,2813,2608
2657,2817,2557
2658,2822,2461
2659,2817,2508
2660,2816,2512
2661,2800,2558
2662,2794,2462
2663,2783,2511
2664,2791,2486
2665,2788,2480
2666,2799,2495
2667,2794,2495
2668,2806,2471
2669,2811,2519
2670,2802,2461
2671,2811,2509
2672,2816,2510
2673,2811,2575
2674,2778,2487
2675,2710,2487
2676,2631,2438
2677,2483,2474
2678,2353,2398
2679,2177,2422
2680,1968,2345
2681,1754,2363
2682,1523,2277
2683,1039,2224
2684,321,2135
2685,0,2044
2686,0,1971
2687,0,1877
2688,0,1684
2689,0,1525
2690,0,1392
2691,0,1324
2692,0,1265
2693,0,1238
2694,0,1226
2695,0,1220
2696,0,1187
2697,0,1215
2698,0,1233
2699,0,1234
2700,0,1239
2701,0,1264
2702,0,1257
2703,0,1238
2704,0,1246
2705,0,1252
2706,0,1265
2707,0,1254
2708,0,1264
2709,0,1264
2710,0,1267
2711,0,1250
2712,0,1242
2713,0,1261
2714,0,1253
2715,0,1266
2716,0,1264
2717,0,1254
2718,0,1260
2719,0,1258
2720,0,1241
2721,0,1235
2722,0,1238
2723,0,1232
2724,0,1235
2725,0,1249
2726,0,1265
2727,0,1264
2728,0,1232
2729,0,1220
2730,0,1202
2731,0,1185
2732,0,1171
2733,0,1156
2734,0,1153
2735,0,1153
2736,0,1152
2737,0,1148
2738,0,1151
2739,0,1148
2740,0,1136
2741,0,1127
2742,0,1127
2743,0,1127
2744,0,1134
2745,0,1119
2746,0,1114
2747,0,1107
2748,0,1110
2749,0,1117
2750,0,1111
2751,0,1114
2752,0,1107
2753,0,1114
2754,0,1116
2755,0,1155
2756,0,1263
2757,0,1341
2758,0,1425
2759,0,1498
2760,38,1562
2761,156,1642
2762,17,1739
2763,578,1842
2764,719,1930
2765,1011,2047
2766,1196,2065
2767,1296,2147
2768,1463,2160
2769,1596,2202
2770,1674,2224
2771,1754,2258
2772,1831,2235
2773,1917,2257
2774,2001,2247
2775,2094,2263
2776,2143,2299
2777,2172,2321
2778,2193,2321
2779,2175,2352
2780,2176,2301
2781,2192,2338
2782,2230,2333
2783,2237,2387
2784,2247,2387
2785,2253,2399
2786,2253,2330
2787,2269,2365
2788,2279,2384
2789,2289,2416
2790,2313,2327
2791,2322,2339
2792,2338,2317
2793,2341,2331
2794,2353,2320
2795,2353,2301
2796,2369,2347
2797,2378,2331
2798,2377,2361
2799,2384,2351
2800,2373,2378
2801,2367,2361
2802,2350,2390
2803,2337,2341
2804,2353,2391
2805,2359,2352
2806,2353,2402
2807,2368,2416
2808,2369,2431
2809,2381,2350
2810,2373,2382
2811,2364,2354
2812,2366,2423
2813,2378,2355
2814,2378,2415
2815,2379,2374
2816,2363,2471
2817,2359,2382
2818,2415,2448
2819,2423,2368
2820,2454,2414
2821,2469,2418
2822,2481,2480
2823,2494,2480
2824,2482,2494
2825,2499,2399
2826,2496,2480
2827,2510,2442
2828,2529,2512
2829,2546,2480
2830,2576,2509
2831,2594,2443
2832,2608,2509
2833,2621,2526
2834,2649,2543
2835,2654,2544
2836,2656,2540
2837,2675,2528
2838,2694,2572
2839,2684,2576
2840,2674,2585
2841,2659,2577
2842,2662,2544
2843,2654,2590
2844,2658,2636
2845,2661,2678
2846,2668,2676
2847,2683,2672
2848,2704,2630
2849,2728,2718
2850,2742,2681
2851,2751,2702
2852,2766,2663
2853,2769,2691
2854,2770,2672
2855,2773,2740
2856,2777,2672
2857,2761,2766
2858,2755,2791
2859,2768,2736
2860,2773,2666
2861,2775,2734
2862,2791,2659
2863,2794,2800
2864,2798,2787
2865,2782,2769
2866,2790,2743
2867,2789,2739
2868,2774,2704
2869,2781,2772
2870,2768,2727
2871,2773,2800
2872,2778,2741
2873,2767,2747
2874,2759,2665
2875,2757,2783
2876,2762,2650
2877,2754,2672
2878,2771,2650
2879,2766,2642
2880,2771,2607
2881,2769,2615
2882,2779,2587
2883,2771,2544
2884,2770,2575
2885,2766,2627
2886,2752,2625
2887,2758,2579
2888,2756,2558
2889,2758,2517
2890,2758,2525
2891,2759,2543
2892,2771,2578
2893,2771,2556
2894,2786,2544
2895,2787,2485
2896,2780,2531
2897,2771,2556
2898,2765,2617
2899,2758,2626
2900,2762,2640
2901,2768,2597
2902,2770,2714
2903,2784,2735
2904,2783,2751
2905,2787,2704
2906,2781,2695
2907,2786,2608
2908,2783,2681
2909,2782,2667
2910,2778,2672
2911,2768,2597
2912,2763,2649
2913,2769,2641
2914,2784,2672
2915,2788,2624
2916,2781,2688
2917,2768,2688
2918,2750,2739
2919,2758,2651
2920,2755,2677
2921,2746,2613
2922,2747,2657
2923,2737,2600
2924,2709,2671
2925,2640,2610
2926,2514,2682
2927,2401,2716
2928,2118,2755
2929,1676,2743
2930,1423,2799
2931,1131,2781
2932,848,2793
2933,774,2791
2934,503,2798
2935,96,2816
2936,0,2823
2937,0,2796
2938,0,2699
2939,0,2618
2940,0,2462
2941,0,2253
2942,0,2032
2943,0,1815
2944,0,1674
2945,0,1594
2946,0,1530
2947,0,1488
2948,0,1455
2949,0,1441
2950,0,1429
2951,0,1426
2952,0,1430
2953,0,1445
2954,0,1447
2955,0,1469
2956,0,1445
2957,0,1453
2958,0,1444
2959,0,1469
2960,0,1435
2961,0,1434
2962,0,1419
2963,0,1455
2964,0,1439
2965,0,1461
2966,0,1458
2967,0,1471
2968,0,1456
2969,0,1465
2970,0,1456
2971,0,1483
2972,0,1482
2973,0,1516
2974,0,1499
2975,0,1517
2976,0,1503
2977,0,1505
2978,0,1473
2979,0,1491
2980,0,1474
2981,0,1488
2982,0,1518
2983,0,1583
2984,0,1765
2985,0,1977
2986,227,2183
2987,752,2384
2988,1039,2512
2989,1264,2581
2990,1498,2682
2991,1618,2716
2992,1675,2822
2993,1664,2789
2994,1659,2859
2995,1680,2855
2996,1669,2879
2997,1654,2827
2998,1682,2911
2999,1712,2873
3000,1739,2885
3001,1781,2817
3002,1835,2913
3003,1863,2854
3004,1905,2929
3005,1965,2885
3006,2032,2992
3007,2075,2901
3008,2153,2971
3009,2186,2881
3010,2213,2974
3011,2207,2905
3012,2241,2977
3013,2276,2951
3014,2284,3027
3015,2294,2973
3016,2289,3024
3017,2307,2963
3018,2302,3079
3019,2350,3009
3020,2333,3083
3021,2343,3061
3022,2354,3143
3023,2358,3091
3024,2363,3120
3025,2362,3183
3026,2383,3197
3027,2384,3189
3028,2389,3226
3029,2471,3152
3030,2391,3104
3031,2398,3162
3032,2402,3099
3033,2375,3098
3034,2394,3130
3035,2398,3200
3036,2395,3152
3037,2383,3169
3038,2358,3204
3039,2349,3280
3040,2355,3201
3041,2359,3242
3042,2368,3134
3043,2370,3242
3044,2377,3177
3045,2368,3298
3046,2362,3179
3047,2352,3270
3048,2340,3162
3049,2307,3258
3050,2241,3132
3051,2185,3280
3052,2112,3174
3053,2032,3261
3054,1923,3207
3055,1802,3318
3056,1681,3242
3057,1522,3324
3058,1377,3233
3059,1229,3343
3060,1088,3225
3061,992,3312
3062,987,3221
3063,989,3323
3064,961,3270
3065,944,3320
3066,916,3258
3067,862,3325
3068,822,3282
3069,827,3299
3070,847,3232
3071,837,3248
3072,821,3226
3073,798,3247
3074,715,3251
3075,521,3259
3076,469,3281
3077,343,3246
3078,288,3280
3079,213,3239
3080,135,3273
3081,154,3205
3082,182,3290
3083,222,3231
3084,265,3324
3085,407,3216
3086,450,3265
3087,502,3166
3088,498,3253
3089,444,3184
3090,435,3264
3091,351,3162
3092,231,3255
3093,206,3191
3094,194,3312
3095,221,3179
3096,240,3281
3097,210,3181
3098,242,3264
3099,330,3159
3100,427,3250
3101,418,3157
3102,384,3338
3103,398,3238
3104,437,3298
3105,494,3225
3106,563,3307
3107,558,3203
3108,528,3270
3109,450,3184
3110,459,3225
3111,459,3200
3112,457,3228
3113,464,3193
3114,450,3216
3115,445,3191
3116,429,3216
3117,241,3189
3118,99,3186
3119,99,3215
3120,105,3168
3121,80,3150
3122,131,3106
3123,164,3174
3124,160,3158
3125,190,3207
3126,189,3172
3127,190,3242
3128,160,3152
3129,144,3152
3130,107,3085
3131,81,3114
3132,57,3024
3133,42,3031
3134,55,2919
3135,17,2970
3136,30,2878
3137,42,2927
3138,34,2837
3139,37,2921
3140,55,2826
3141,64,2907
3142,57,2850
3143,64,2915
3144,57,2856
3145,35,2897
3146,33,2834
3147,16,2880
3148,20,2821
3149,6,2875
3150,0,2810
3151,14,2877
3152,1,2805
3153,11,2847
3154,2,2784
3155,4,2839
3156,17,2807
3157,33,2846
3158,35,2813
3159,31,2820
3160,36,2811
3161,32,2815
3162,22,2833
3163,12,2844
3164,0,2837
3165,5,2811
3166,15,2815
3167,32,2794
3168,4,2806
3169,0,2768
3170,9,2785
3171,17,2743
3172,22,2747
3173,16,2732
3174,29,2743
3175,1,2687
3176,0,2741
3177,2,2671
3178,0,2726
3179,0,2633
3180,0,2707
3181,0,2639
3182,0,2677
3183,0,2603
3184,0,2633
3185,0,2559
3186,0,2603
3187,0,2525
3188,0,2559
3189,0,2513
3190,0,2537
3191,0,2461
3192,0,2486
3193,0,2442
3194,0,2470
3195,0,2401
3196,0,2405
3197,0,2332
3198,0,2340
3199,0,2275
3200,0,2289
3201,0,2225
3202,0,2198
3203,0,2119
3204,0,2119
3205,0,2045
3206,0,2023
3207,0,1973
3208,0,1947
3209,0,1909
3210,0,1902
3211,0,1881
3212,0,1889
3213,0,1875
3214,0,1852
3215,0,1843
3216,0,1835
3217,0,1845
3218,0,1806
3219,0,1823
3220,0,1801
3221,0,1805
3222,0,1769
3223,0,1772
3224,0,1760
3225,0,1757
3226,0,1726
3227,0,1738
3228,0,1698
3229,0,1692
3230,0,1657
3231,0,1659
3232,0,1627
3233,0,1648
3234,0,1616
3235,0,1629
3236,0,1597
3237,0,1619
3238,0,1594
3239,0,1612
3240,0,1591
3241,0,1630
3242,0,1590
3243,0,1600
3244,0,1584
3245,0,1605
3246,0,1580
3247,0,1611
3248,0,1586
3249,0,1589
3250,0,1569
3251,0,1600
3252,0,1583
3253,0,1613
3254,0,1595
3255,0,1615
3256,0,1616
3257,0,1659
3258,0,1723
3259,0,1781
3260,0,1859
3261,0,1915
3262,0,1994
3263,0,2070
3264,0,2185
3265,322,2229
3266,482,2401
3267,592,2433
3268,945,2556
3269,1104,2558
3270,1264,2643
3271,1404,2607
3272,1597,2663
3273,1678,2669
3274,1739,2743
3275,1808,2679
3276,1820,2738
3277,1847,2720
3278,1867,2755
3279,1905,2683
3280,1922,2743
3281,1958,2699
3282,1983,2778
3283,2018,2710
3284,2045,2758
3285,2054,2731
3286,2065,2765
3287,2081,2717
3288,2066,2787
3289,2041,2723
3290,2042,2799
3291,2028,2737
3292,2027,2782
3293,2014,2735
3294,2001,2767
3295,2011,2767
3296,2032,2807
3297,2025,2738
3298,2016,2759
3299,2011,2770
3300,1995,2759
3301,1986,2729
3302,1966,2710
3303,1936,2734
3304,1927,2747
3305,1926,2773
3306,1922,2784
3307,1931,2794
3308,1931,2777
3309,1926,2801
3310,1894,2768
3311,1859,2829
3312,1863,2782
3313,1861,2852
3314,1850,2816
3315,1839,2876
3316,1820,2815
3317,1808,2832
3318,1791,2768
3319,1779,2827
3320,1761,2775
3321,1735,2832
3322,1725,2771
3323,1725,2875
3324,1746,2825
3325,1745,2902
3326,1761,2859
3327,1754,2955
3328,1790,2870
3329,1819,2919
3330,1835,2864
3331,1823,2959
3332,1840,2915
3333,1834,2963
3334,1841,2937
3335,1834,3026
3336,1834,3054
3337,1832,3133
3338,1826,3143
3339,1811,3183
3340,1802,3216
3341,1802,3191
3342,1781,3201
3343,1813,3217
3344,1805,3251
3345,1807,3225
3346,1808,3234
3347,1803,3159
3348,1806,3185
3349,1805,3057
3350,1791,3092
3351,1793,3014
3352,1806,3030
3353,1812,2930
3354,1809,3005
3355,1817,2937
3356,1828,3004
3357,1838,2928
3358,1840,3015
3359,1834,2955
3360,1840,3018
3361,1849,2949
3362,1856,3009
3363,1854,2899
3364,1855,2990
3365,1867,2906
3366,1866,2943
3367,1871,2887
3368,1855,2991
3369,1849,2896
3370,1854,2947
3371,1870,2867
3372,1835,2937
3373,1803,2853
3374,1798,2935
3375,1767,2848
3376,1796,2896
3377,1805,2861
3378,1803,2909
3379,1795,2879
3380,1799,2882
3381,1796,2902
3382,1787,2901
3383,1782,2865
3384,1767,2878
3385,1763,2859
3386,1749,2818
3387,1761,2865
3388,1757,2861
3389,1767,2917
3390,1767,2935
3391,1754,2931
3392,1744,2893
3393,1740,2913
3394,1751,2830
3395,1760,2877
3396,1782,2831
3397,1788,2896
3398,1794,2877
3399,1779,2928
3400,1774,2846
3401,1776,2926
3402,1776,2843
3403,1767,2839
3404,1750,2766
3405,1750,2855
3406,1766,2805
3407,1762,2861
3408,1773,2800
3409,1785,2855
3410,1779,2780
3411,1763,2823
3412,1744,2737
3413,1725,2800
3414,1685,2784
3415,1681,2851
3416,1706,2775
3417,1716,2874
3418,1735,2773
3419,1746,2817
3420,1773,2785
3421,1776,2841
3422,1799,2763
3423,1786,2813
3424,1773,2791
3425,1745,2778
3426,1761,2806
3427,1792,2800
3428,1809,2805
3429,1823,2794
3430,1824,2835
3431,1823,2834
3432,1814,2855
3433,1808,2864
3434,1811,2903
3435,1812,2801
3436,1787,2925
3437,1797,2897
3438,1802,2928
3439,1791,2863
3440,1811,2939
3441,1808,2866
3442,1812,2947
3443,1810,2873
3444,1792,2943
3445,1791,2838
3446,1801,2931
3447,1807,2875
3448,1809,2881
3449,1809,2802
3450,1803,2862
3451,1804,2783
3452,1809,2867
3453,1813,2821
3454,1820,2891
3455,1795,2882
3456,1791,2943
3457,1781,2877
3458,1775,2922
3459,1773,2831
3460,1776,2896
3461,1759,2817
3462,1738,2880
3463,1703,2801
3464,1681,2859
3465,1603,2816
3466,1507,2819
3467,1456,2803
3468,1450,2864
3469,1387,2872
3470,1360,2907
3471,1326,2939
3472,1326,2945
3473,1309,2985
3474,1257,2995
3475,1249,3030
3476,1248,3003
3477,1202,3053
3478,1195,2997
3479,1172,3079
3480,1099,3045
3481,1039,3103
3482,1034,3062
3483,976,3138
3484,978,3047
3485,1008,3147
3486,1085,3046
3487,1111,3151
3488,976,3031
3489,816,3103
3490,574,3019
3491,438,3070
3492,342,3031
3493,234,3129
3494,27,2995
3495,0,3055
3496,0,2947
3497,0,2975
3498,0,2864
3499,0,2874
3500,0,2741
3501,0,2747
3502,0,2599
3503,0,2591
3504,0,2522
3505,0,2529
3506,0,2490
3507,0,2512
3508,0,2450
3509,0,2460
3510,0,2418
3511,0,2437
3512,0,2391
3513,0,2372
3514,0,2386
3515,0,2373
3516,0,2397
3517,0,2357
3518,0,2371
3519,0,2387
3520,0,2385
3521,0,2374
3522,0,2368
3523,0,2343
3524,0,2370
3525,0,2335
3526,0,2368
3527,0,2320
3528,0,2373
3529,0,2336
3530,0,2394
3531,0,2365
3532,0,2419
3533,0,2363
3534,0,2433
3535,0,2375
3536,0,2480
3537,0,2453
3538,0,2507
3539,0,2453
3540,0,2534
3541,0,2512
3542,0,2590
3543,0,2525
3544,0,2608
3545,0,2576
3546,0,2612
3547,0,2557
3548,0,2607
3549,0,2598
3550,0,2627
3551,0,2587
3552,0,2621
3553,0,2590
3554,0,2583
3555,0,2571
3556,0,2608
3557,0,2624
3558,0,2621
3559,0,2637
3560,0,2638
3561,0,2669
3562,0,2657
3563,266,2707
3564,430,2767
3565,581,2855
3566,726,2807
3567,831,2885
3568,839,2849
3569,981,2896
3570,1046,2853
3571,1138,2913
3572,1298,2801
3573,1354,2891
3574,1437,2815
3575,1486,2881
3576,1548,2864
3577,1616,2850
3578,1691,2781
3579,1738,2768
3580,1765,2699
3581,1779,2753
3582,1808,2721
3583,1834,2768
3584,1872,2721
3585,1888,2806
3586,1889,2729
3587,1914,2753
3588,1945,2763
3589,1947,2810
3590,1954,2768
3591,1995,2768
3592,2033,2786
3593,2032,2861
3594,2090,2887
3595,2101,2903
3596,2123,2934
3597,2139,2938
3598,2181,2994
3599,2202,2928
3600,2241,2989
3601,2256,2951
3602,2257,2975
3603,2269,2917
3604,2282,3005
3605,2293,2989
3606,2313,3069
3607,2341,3120
3608,2346,3275
3609,2367,3198
3610,2385,3331
3611,2388,3228
3612,2416,3292
3613,2418,3201
3614,2417,3205
3615,2416,3024
3616,2427,3127
3617,2426,3007
3618,2432,3059
3619,2421,2989
3620,2425,3005
3621,2416,2928
3622,2403,3038
3623,2403,3050
3624,2400,3071
3625,2401,2997
3626,2395,3026
3627,2384,2953
3628,2368,2998
3629,2352,2930
3630,2343,3058
3631,2349,3027
3632,2343,3059
3633,2353,2992
3634,2354,2990
3635,2363,2917
3636,2366,2898
3637,2368,2993
3638,2373,3001
3639,2368,2946
3640,2332,2897
3641,2370,2910
3642,2366,2935
3643,2379,2961
3644,2382,2925
3645,2385,2928
3646,2387,2910
3647,2395,2960
3648,2387,2895
3649,2388,2916
3650,2403,2871
3651,2406,2879
3652,2411,2767
3653,2410,2935
3654,2405,2909
3655,2388,2963
3656,2385,2875
3657,2394,2946
3658,2393,2864
3659,2400,2908
3660,2405,2891
3661,2407,2971
3662,2416,2825
3663,2411,2928
3664,2405,2875
3665,2411,2928
3666,2415,2859
3667,2422,2883
3668,2429,2822
3669,2436,2832
3670,2435,2815
3671,2434,2837
3672,2417,2786
3673,2416,2851
3674,2410,2811
3675,2407,2800
3676,2407,2795
3677,2377,2794
3678,2330,2756
3679,2330,2783
3680,2315,2789
3681,2314,2796
3682,2319,2801
3683,2341,2813
3684,2351,2807
3685,2391,2826
3686,2377,2858
3687,2383,2851
3688,2391,2826
3689,2411,2797
3690,2415,2877
3691,2416,2799
3692,2413,2827
3693,2410,2736
3694,2398,2777
3695,2395,2722
3696,2387,2795
3697,2375,2772
3698,2370,2875
3699,2372,2806
3700,2367,2831
3701,2350,2771
3702,2318,2777
3703,2288,2709
3704,2288,2770
3705,2288,2714
3706,2288,2795
3707,2283,2735
3708,2285,2768
3709,2286,2707
3710,2277,2775
3711,2275,2736
3712,2279,2823
3713,2293,2766
3714,2314,2852
3715,2331,2743
3716,2322,2758
3717,2319,2715
3718,2323,2688
3719,2320,2702
3720,2322,2734
3721,2332,2715
3722,2344,2759
3723,2330,2704
3724,2352,2752
3725,2352,2800
3726,2339,2794
3727,2351,2770
3728,2327,2742
3729,2325,2773
3730,2331,2723
3731,2311,2764
3732,2325,2736
3733,2336,2787
3734,2368,2759
3735,2398,2807
3736,2411,2803
3737,2416,2848
3738,2433,2759
3739,2421,2795
3740,2414,2734
3741,2414,2837
3742,2416,2775
3743,2416,2829
3744,2429,2772
3745,2441,2843
3746,2445,2800
3747,2431,2825
3748,2432,2748
3749,2439,2768
3750,2448,2736
3751,2442,2808
3752,2437,2741
3753,2422,2779
3754,2411,2697
3755,2395,2768
3756,2339,2753
3757,2281,2826
3758,2193,2793
3759,2126,2816
3760,2078,2817
3761,1965,2891
3762,1769,2939
3763,1594,3010
3764,1372,3031
3765,1153,3071
3766,681,3101
3767,587,3102
3768,192,3138
3769,0,3051
3770,25,3015
3771,0,2851
3772,0,2794
3773,0,2679
3774,0,2670
3775,0,2623
3776,0,2610
3777,0,2547
3778,0,2525
3779,0,2452
3780,0,2496
3781,0,2448
3782,0,2506
3783,0,2471
3784,0,2525
3785,0,2471
3786,0,2523
3787,0,2469
3788,0,2517
3789,0,2491
3790,0,2576
3791,0,2530
3792,0,2600
3793,0,2544
3794,0,2608
3795,0,2559
3796,0,2608
3797,0,2570
3798,0,2627
3799,0,2587
3800,0,2618
3801,0,2582
3802,0,2611
3803,0,2601
3804,0,2607
3805,0,2624
3806,0,2643
3807,0,2660
3808,0,2660
3809,0,2654
3810,0,2662
3811,0,2697
3812,48,2699
3813,30,2733
3814,0,2773
3815,23,2839
3816,58,2818
3817,80,2895
3818,117,2883
3819,130,2959
3820,161,2916
3821,198,3007
3822,284,2948
3823,354,3023
3824,480,2930
3825,597,3014
3826,622,2953
3827,623,3093
3828,626,3015
3829,633,3124
3830,637,3018
3831,628,3088
3832,627,2998
3833,641,3095
3834,704,3024
3835,720,3129
3836,787,3024
3837,794,3121
3838,830,3039
3839,833,3106
3840,846,3023
3841,843,3070
3842,854,3013
3843,841,3069
3844,889,3047
3845,947,3084
3846,1000,3071
3847,1059,3071
3848,1120,3070
3849,1142,3045
3850,1233,3105
3851,1315,3094
3852,1469,3117
3853,1552,3042
3854,1658,3083
3855,1706,3066
3856,1792,3090
3857,1847,3081
3858,1904,3184
3859,1936,3136
3860,1985,3170
3861,1984,3059
3862,1993,3146
3863,2033,3086
3864,2061,3110
3865,2063,3031
3866,2070,3138
3867,2090,3026
3868,2106,3151
3869,2126,3006
3870,2162,3098
3871,2194,2999
3872,2222,3110
3873,2257,2933
3874,2259,3051
3875,2289,2966
3876,2305,3059
3877,2352,3008
3878,2377,3025
3879,2382,3024
3880,2387,3029
3881,2391,3023
3882,2403,3056
3883,2398,3053
3884,2394,3011
3885,2389,2987
3886,2398,3037
3887,2395,3083
3888,2406,3011
3889,2407,3055
3890,2416,3055
3891,2423,3027
3892,2419,2993
3893,2415,3008
3894,2416,3003
3895,2421,3037
3896,2428,3030
3897,2426,3038
3898,2425,2974
3899,2432,3034
3900,2439,2955
3901,2442,3005
3902,2449,2981
3903,2455,2992
3904,2450,2926
3905,2465,3015
3906,2454,3024
3907,2450,3056
3908,2555,2943
3909,2442,2963
3910,2453,2943
3911,2455,3041
3912,2458,2993
3913,2466,3080
3914,2480,3005
3915,2476,3102
3916,2476,2993
3917,2475,3054
3918,2474,2948
3919,2470,2983
3920,2461,2861
3921,2477,2941
3922,2480,2871
3923,2480,2925
3924,2477,2915
3925,2478,3003
3926,2481,2947
3927,2480,2895
3928,2483,2879
3929,2488,2906
3930,2489,2926
3931,2487,2919
3932,2482,2935
3933,2478,2914
3934,2464,2993
3935,2471,3049
3936,2463,3018
3937,2455,3005
3938,2448,2941
3939,2438,2851
3940,2447,2897
3941,2435,2835
3942,2438,2867
3943,2434,2902
3944,2450,2966
3945,2441,2866
3946,2448,2919
3947,2450,2838
3948,2448,2954
3949,2454,2927
3950,2455,2981
3951,2459,2922
3952,2463,2928
3953,2470,2834
3954,2473,2901
3955,2463,2842
3956,2453,2911
3957,2448,2855
3958,2443,2877
3959,2456,2854
3960,2448,2867
3961,2455,2805
3962,2463,2915
3963,2461,2874
3964,2464,2855
3965,2457,2839
3966,2466,2877
3967,2476,2905
3968,2471,2928
3969,2479,2905
3970,2475,2908
3971,2480,2842
3972,2480,2859
3973,2480,2845
3974,2486,2798
3975,2486,2879
3976,2485,2846
3977,2489,2899
3978,2493,2849
3979,2486,2960
3980,2459,2921
3981,2451,2893
3982,2442,2874
3983,2431,2834
3984,2422,2800
3985,2429,2838
3986,2432,2803
3987,2439,2879
3988,2445,2768
3989,2448,2845
3990,2449,2864
3991,2451,2925
3992,2448,2849
3993,2451,2912
3994,2450,2833
3995,2451,2890
3996,2454,2818
3997,2457,2852
3998,2458,2799
3999,2471,2923
4000,2463,2826
4001,2477,2901
4002,2483,2854
4003,2477,2960
4004,2474,2838
4005,2460,2875
4006,2461,2815
4007,2463,2898
4008,2453,2832
4009,2461,2805
4010,2455,2849
4011,2465,2849
4012,2468,2809
4013,2461,2826
4014,2448,2802
4015,2448,2797
4016,2448,2801
4017,2449,2795
4018,2436,2813
4019,2422,2819
4020,2411,2823
4021,2419,2794
4022,2416,2853
4023,2423,2862
4024,2431,2842
4025,2429,2783
4026,2435,2828
4027,2441,2781
4028,2448,2864
4029,2448,2783
4030,2452,2903
4031,2448,2865
4032,2439,2896
4033,2427,2837
4034,2434,2944
4035,2439,2880
4036,2447,2942
4037,2432,2889
4038,2430,2960
4039,2400,2864
4040,2384,2929
4041,2364,2885
4042,2260,2962
4043,2000,2910
4044,1765,2971
4045,1354,2907
4046,946,2990
4047,687,2928
4048,375,2985
4049,123,2939
4050,50,2929
4051,64,2845
4052,74,2846
4053,0,2803
4054,0,2772
4055,0,2723
4056,0,2726
4057,0,2718
4058,0,2708
4059,0,2705
4060,0,2697
4061,0,2709
4062,0,2683
4063,0,2715
4064,0,2672
4065,0,2747
4066,0,2683
4067,0,2707
4068,0,2672
4069,0,2719
4070,0,2687
4071,0,2730
4072,0,2684
4073,0,2747
4074,0,2674
4075,0,2727
4076,0,2674
4077,0,2739
4078,0,2688
4079,0,2754
4080,0,2699
4081,0,2755
4082,0,2715
4083,0,2787
4084,0,2721
4085,0,2763
4086,0,2685
4087,0,2742
4088,0,2690
4089,0,2731
4090,0,2683
4091,0,2736
4092,0,2693
4093,0,2734
4094,0,2715
4095,0,2736
4096,0,2736
4097,0,2754
4098,0,2747
4099,0,2761
4100,0,2759
4101,0,2758
4102,0,2761
4103,0,2727
4104,0,2768
4105,0,2747
4106,0,2785
4107,0,2766
4108,16,2831
4109,74,2800
4110,109,2877
4111,91,2857
4112,77,2966
4113,163,2958
4114,432,3120
4115,582,3070
4116,688,3210
4117,722,3139
4118,727,3274
4119,752,3168
4120,761,3263
4121,762,3197
4122,743,3293
4123,766,3216
4124,769,3285
4125,816,3158
4126,862,3258
4127,864,3170
4128,1034,3239
4129,1133,3107
4130,1203,3200
4131,1360,3177
4132,1473,3239
4133,1566,3156
4134,1610,3211
4135,1619,3214
4136,1654,3186
4137,1665,3163
4138,1657,3202
4139,1634,3163
4140,1575,3173
4141,1467,3191
4142,1312,3197
4143,1136,3278
4144,992,3248
4145,922,3299
4146,868,3265
4147,869,3289
4148,878,3206
4149,864,3253
4150,832,3203
4151,831,3275
4152,774,3174
4153,761,3267
4154,784,3189
4155,806,3294
4156,815,3184
4157,817,3267
4158,816,3182
4159,816,3255
4160,766,3170
4161,735,3244
4162,725,3151
4163,752,3247
4164,788,3111
4165,816,3222
4166,848,3123
4167,867,3207
4168,915,3128
4169,1005,3205
4170,1010,3095
4171,1033,3179
4172,1046,3121
4173,1044,3186
4174,1091,3124
4175,1106,3215
4176,1104,3141
4177,1071,3183
4178,985,3145
4179,914,3171
4180,925,3152
4181,920,3157
4182,923,3139
4183,927,3159
4184,934,3165
4185,941,3141
4186,893,3159
4187,874,3130
4188,874,3178
4189,870,3129
4190,879,3157
4191,884,3136
4192,896,3170
4193,894,3087
4194,894,3137
4195,899,3113
4196,890,3168
4197,848,3088
4198,857,3152
4199,885,3071
4200,877,3174
4201,883,3060
4202,879,3152
4203,893,3056
4204,910,3146
4205,899,3040
4206,881,3136
4207,893,3050
4208,912,3136
4209,896,3044
4210,909,3118
4211,955,3056
4212,944,3120
4213,939,3057
4214,937,3133
4215,929,3045
4216,928,3118
4217,933,3067
4218,942,3104
4219,962,3055
4220,927,3111
4221,1042,3088
4222,944,3097
4223,967,3070
4224,966,3090
4225,965,3063
4226,976,3055
4227,981,3067
4228,982,3089
4229,992,3083
4230,991,3051
4231,989,3107
4232,1040,3027
4233,1083,3090
4234,1171,3043
4235,1235,3142
4236,1321,3057
4237,1377,3113
4238,1424,3045
4239,1424,3115
4240,1394,3047
4241,1369,3143
4242,1376,3047
4243,1410,3130
4244,1438,3041
4245,1473,3111
4246,1470,2992
4247,1473,3094
4248,1463,3031
4249,1462,3149
4250,1419,3056
4251,1398,3120
4252,1440,3044
4253,1456,3157
4254,1467,3043
4255,1465,3169
4256,1478,3063
4257,1474,3157
4258,1468,3059
4259,1473,3159
4260,1504,3036
4261,1554,3104
4262,1567,3045
4263,1589,3088
4264,1644,3062
4265,1623,3088
4266,1679,3056
4267,1728,3081
4268,1685,3063
4269,1689,3079
4270,1710,3133
4271,1705,3105
4272,1730,3127
4273,1750,3135
4274,1753,3119
4275,1761,3082
4276,1776,3167
4277,1776,3117
4278,1794,3190
4279,1798,3105
4280,1795,3152
4281,1796,3119
4282,1808,3198
4283,1808,3089
4284,1803,3195
4285,1801,3115
4286,1803,3194
4287,1821,3071
4288,1829,3151
4289,1827,3069
4290,1833,3170
4291,1844,3042
4292,1842,3153
4293,1822,3091
4294,1835,3163
4295,1848,3081
4296,1856,3166
4297,1857,3120
4298,1862,3194
4299,1846,3083
4300,1840,3190
4301,1792,3082
4302,1786,3131
4303,1793,3023
4304,1785,3078
4305,1786,3029
4306,1814,3105
4307,1815,3049
4308,1822,3095
4309,1827,3056
4310,1826,3120
4311,1824,3104
4312,1821,3126
4313,1805,3124
4314,1798,3148
4315,1791,3136
4316,1791,3130
4317,1810,3193
4318,1830,3169
4319,1840,3199
4320,1826,3146
4321,1821,3217
4322,1821,3213
4323,1830,3194
4324,1840,3097
4325,1839,3152
4326,1840,3058
4327,1841,3145
4328,1854,3114
4329,1858,3184
4330,1855,3120
4331,1872,3213
4332,1899,3088
4333,1941,3203
4334,1984,3114
4335,2025,3213
4336,2064,3085
4337,2093,3127
4338,2093,3056
4339,2113,3184
4340,2128,3130
4341,2178,3201
4342,2259,3152
4343,2308,3229
4344,2395,3113
4345,2433,3163
4346,2451,3069
4347,2465,3202
4348,2485,3151
4349,2495,3255
4350,2497,3138
4351,2527,3103
4352,2537,3033
4353,2549,3041
4354,2557,3007
4355,2573,2993
4356,2567,3030
4357,2575,3055
4358,2582,3038
4359,2589,3030
4360,2584,3105
4361,2592,3031
4362,2602,3019
4363,2599,2992
4364,2596,3010
4365,2580,3013
4366,2571,3107
4367,2575,3111
4368,2582,3090
4369,2587,2985
4370,2593,3011
4371,2587,2987
4372,2577,3013
4373,2551,3001
4374,2547,3018
4375,2527,2949
4376,2522,3007
4377,2524,2927
4378,2514,3059
4379,2519,2993
4380,2513,3057
4381,2512,3011
4382,2512,3090
4383,2511,3022
4384,2507,3101
4385,2500,3019
4386,2509,3079
4387,2522,2967
4388,2512,3061
4389,2501,3021
4390,2465,3067
4391,2406,3002
4392,2342,3060
4393,2214,2992
4394,2143,3033
4395,1939,3014
4396,1808,3067
4397,1706,3018
4398,1514,3024
4399,1196,2991
4400,985,3005
4401,756,2960
4402,639,2975
4403,544,2971
4404,531,2971
4405,480,2957
4406,470,2942
4407,471,2990
4408,466,2943
4409,465,2965
4410,464,2933
4411,445,2928
4412,333,2891
4413,170,2950
4414,112,2902
4415,75,2970
4416,87,2885
4417,95,2965
4418,161,2924
4419,208,2988
4420,347,2928
4421,396,3039
4422,445,2946
4423,449,3010
4424,445,2953
4425,430,3038
4426,441,2938
4427,448,2977
4428,466,2883
4429,498,2967
4430,531,2910
4431,601,2975
4432,614,2902
4433,605,2976
4434,592,2928
4435,592,3015
4436,549,2896
4437,500,2961
4438,465,2890
4439,432,2944
4440,208,2918
4441,0,2978
4442,0,2883
4443,0,2867
4444,0,2806
4445,0,2767
4446,0,2719
4447,0,2726
4448,0,2738
4449,0,2757
4450,0,2724
4451,0,2724
4452,0,2737
4453,0,2704
4454,0,2739
4455,0,2715
4456,0,2699
4457,0,2681
4458,0,2669
4459,0,2609
4460,0,2687
4461,0,2641
4462,0,2682
4463,0,2689
4464,0,2698
4465,0,2640
4466,0,2679
4467,0,2612
4468,0,2672
4469,0,2611
4470,0,2645
4471,0,2594
4472,0,2704
4473,0,2665
4474,81,2741
4475,255,2706
4476,598,2807
4477,813,2777
4478,835,2896
4479,847,2810
4480,834,2880
4481,848,2826
4482,854,2864
4483,895,2826
4484,925,2877
4485,969,2799
4486,1007,2883
4487,1017,2835
4488,1081,2870
4489,1109,2862
4490,1107,2898
4491,1157,2896
4492,1191,2906
4493,1233,2892
4494,1264,2921
4495,1264,2891
4496,1262,2896
4497,1295,2892
4498,1306,2896
4499,1296,2971
4500,1360,2950
4501,1363,2958
4502,1342,2943
4503,1381,2992
4504,1389,2955
4505,1392,3008
4506,1331,2955
4507,1306,2999
4508,1328,2896
4509,1335,2966
4510,1338,2929
4511,1330,2978
4512,1328,2914
4513,1328,2997
4514,1316,2906
4515,1296,3008
4516,1314,2947
4517,1307,2985
4518,1308,2935
4519,1328,3023
4520,1341,2976
4521,1333,3013
4522,1310,2928
4523,1287,3007
4524,1232,2876
4525,1142,2940
4526,1017,2842
4527,962,2923
4528,885,2866
4529,775,2956
4530,592,2880
4531,336,2943
4532,319,2880
4533,282,2900
4534,256,2850
4535,230,2877
4536,176,2869
4537,176,2855
4538,176,2843
4539,176,2837
4540,169,2832
4541,154,2832
4542,158,2813
4543,171,2809
4544,174,2827
4545,208,2790
4546,257,2826
4547,293,2786
4548,298,2847
4549,304,2809
4550,293,2853
4551,273,2791
4552,244,2857
4553,240,2786
4554,249,2812
4555,208,2771
4556,208,2827
4557,175,2759
4558,54,2839
4559,34,2755
4560,0,2833
4561,14,2755
4562,4,2799
4563,29,2771
4564,26,2793
4565,29,2737
4566,34,2785
4567,0,2709
4568,0,2753
4569,0,2701
4570,6,2768
4571,0,2736
4572,0,2782
4573,0,2704
4574,0,2734
4575,0,2681
4576,0,2705
4577,0,2660
4578,0,2708
4579,0,2640
4580,0,2694
4581,0,2650
4582,0,2675
4583,0,2673
4584,0,2672
4585,0,2679
4586,0,2690
4587,50,2722
4588,70,2753
4589,272,2806
4590,766,2845
4591,926,2837
4592,1087,2771
4593,1238,2815
4594,1431,2799
4595,1555,2890
4596,1585,2946
4597,1605,2958
4598,1625,2896
4599,1648,2941
4600,1633,2911
4601,1609,2960
4602,1619,2867
4603,1617,2941
4604,1622,2864
4605,1649,2928
4606,1655,2855
4607,1658,2885
4608,1673,2858
4609,1706,2910
4610,1718,2850
4611,1686,2929
4612,1680,2850
4613,1655,2945
4614,1606,2853
4615,1542,2890
4616,1545,2836
4617,1593,2914
4618,1594,2887
4619,1573,2965
4620,1565,2895
4621,1533,2871
4622,1546,2817
4623,1526,2885
4624,1509,2821
4625,1473,2901
4626,1393,2809
4627,1325,2858
4628,1231,2775
4629,1184,2815
4630,1159,2848
4631,1059,2864
4632,1008,2785
4633,1040,2815
4634,1033,2759
4635,1010,2739
4636,1007,2791
4637,1015,2765
4638,1017,2766
4639,1030,2749
4640,1031,2761
4641,1040,2717
4642,1036,2768
4643,1043,2682
4644,1059,2743
4645,1066,2703
4646,1043,2759
4647,1040,2736
4648,1052,2784
4649,1040,2704
4650,1022,2774
4651,1010,2723
4652,1005,2753
4653,1006,2678
4654,1004,2779
4655,1002,2704
4656,1010,2802
4657,991,2746
4658,939,2813
4659,885,2757
4660,851,2768
4661,857,2731
4662,863,2783
4663,847,2736
4664,751,2824
4665,701,2710
4666,722,2786
4667,723,2731
4668,803,2734
4669,829,2683
4670,846,2757
4671,816,2715
4672,720,2745
4673,571,2710
4674,486,2756
4675,447,2722
4676,367,2725
4677,306,2672
4678,241,2725
4679,214,2723
4680,96,2717
4681,0,2736
4682,0,2747
4683,4,2759
4684,0,2736
4685,0,2747
4686,0,2693
4687,0,2746
4688,0,2698
4689,0,2733
4690,0,2736
4691,0,2742
4692,0,2688
4693,0,2733
4694,0,2687
4695,0,2753
4696,0,2658
4697,0,2741
4698,0,2702
4699,74,2785
4700,128,2739
4701,573,2774
4702,881,2721
4703,1188,2827
4704,1389,2730
4705,1535,2847
4706,1586,2745
4707,1649,2817
4708,1707,2751
4709,1710,2822
4710,1701,2771
4711,1728,2818
4712,1751,2787
4713,1798,2836
4714,1826,2801
4715,1877,2837
4716,1911,2765
4717,1953,2825
4718,2043,2801
4719,2078,2832
4720,2106,2873
4721,2128,2917
4722,2163,2867
4723,2161,2909
4724,2208,2885
4725,2238,2807
4726,2270,2794
4727,2304,2847
4728,2339,2846
4729,2361,2778
4730,2379,2793
4731,2421,2786
4732,2448,2832
4733,2474,2908
4734,2493,2915
4735,2487,2953
4736,2497,3024
4737,2507,2913
4738,2528,2881
4739,2530,2863
4740,2540,2850
4741,2543,2749
4742,2550,2788
4743,2545,2857
4744,2539,2932
4745,2535,2913
4746,2515,3009
4747,2505,2885
4748,2489,2881
4749,2453,2878
4750,2437,2846
4751,2394,2763
4752,2400,2853
4753,2418,2805
4754,2373,2817
4755,2375,2727
4756,2352,2777
4757,2331,2736
4758,2333,2794
4759,2330,2752
4760,2320,2839
4761,2308,2775
4762,2277,2788
4763,2234,2725
4764,2228,2777
4765,2206,2734
4766,2192,2707
4767,2178,2660
4768,2176,2668
4769,2176,2705
4770,2159,2765
4771,2150,2637
4772,2133,2630
4773,2114,2674
4774,2112,2703
4775,2109,2719
4776,2090,2688
4777,2067,2704
4778,2061,2731
4779,2064,2731
4780,2064,2719
4781,2057,2774
4782,2059,2724
4783,2032,2762
4784,2034,2738
4785,2030,2777
4786,2000,2784
4787,1987,2770
4788,1975,2747
4789,1981,2695
4790,1970,2688
4791,1947,2785
4792,1921,2782
4793,1910,2784
4794,1902,2750
4795,1919,2800
4796,1920,2692
4797,1926,2757
4798,1936,2680
4799,1936,2768
4800,1927,2667
4801,1951,2781
4802,1962,2689
4803,1973,2670
4804,1987,2650
4805,1983,2655
4806,1946,2651
4807,1901,2736
4808,1899,2679
4809,1904,2615
4810,1885,2597
4811,1862,2581
4812,1895,2572
4813,1931,2608
4814,1968,2597
4815,1985,2573
4816,2032,2582
4817,2031,2625
4818,2017,2651
4819,1995,2687
4820,1968,2582
4821,1923,2613
4822,1871,2689
4823,1864,2791
4824,1860,2734
4825,1860,2718
4826,1859,2688
4827,1841,2702
4828,1840,2653
4829,1872,2579
4830,1858,2618
4831,1854,2659
4832,1847,2758
4833,1802,2738
4834,1776,2736
4835,1723,2663
4836,1685,2626
4837,1759,2575
4838,1855,2624
4839,1855,2710
4840,1824,2785
4841,1815,2648
4842,1856,2691
4843,1872,2710
4844,1872,2752
4845,1845,2599
4846,1776,2618
4847,1707,2624
4848,1713,2682
4849,1749,2622
4850,1801,2558
4851,1850,2595
4852,1862,2549
4853,1863,2509
4854,1864,2649
4855,1882,2659
4856,1891,2580
4857,1927,2575
4858,1943,2567
4859,1955,2571
4860,2000,2689
4861,2012,2590
4862,2030,2539
4863,2064,2496
4864,2091,2558
4865,2096,2613
4866,2122,2624
4867,2150,2577
4868,2179,2589
4869,2213,2512
4870,2221,2549
4871,2213,2592
4872,2192,2559
4873,2190,2609
4874,2224,2529
4875,2229,2603
4876,2230,2614
4877,2224,2528
4878,2235,2537
4879,2238,2516
4880,2227,2394
4881,2224,2405
4882,2225,2402
4883,2234,2451
4884,2256,2352
4885,2266,2439
4886,2263,2381
4887,2223,2411
4888,2245,2405
4889,2260,2436
4890,2261,2459
4891,2241,2460
4892,2231,2415
4893,2235,2448
4894,2245,2448
4895,2247,2496
4896,2256,2426
4897,2242,2602
4898,2240,2576
4899,2213,2582
4900,2192,2606
4901,2160,2528
4902,2158,2537
4903,2163,2578
4904,2197,2559
4905,2236,2475
4906,2256,2555
4907,2224,2513
4908,2262,2550
4909,2239,2478
4910,2177,2479
4911,2141,2523
4912,2097,2496
4913,2112,2585
4914,2123,2483
4915,2169,2444
4916,2183,2522
4917,2201,2575
4918,2208,2370
4919,2224,2393
4920,2224,2439
4921,2214,2396
4922,2210,2393
4923,2227,2415
4924,2223,2427
4925,2226,2448
4926,2219,2406
4927,2187,2384
4928,2217,2337
4929,2234,2359
4930,2237,2409
4931,2233,2430
4932,2234,2512
4933,2239,2384
4934,2256,2559
4935,2269,2647
4936,2285,2507
4937,2291,2534
4938,2287,2451
4939,2279,2496
4940,2272,2543
4941,2272,2406
4942,2272,2399
4943,2278,2421
4944,2290,2535
4945,2298,2419
4946,2293,2432
4947,2299,2455
4948,2231,2467
4949,2256,2384
4950,2231,2352
4951,2192,2405
4952,2187,2526
4953,2201,2417
4954,2227,2539
4955,2256,2518
4956,2286,2423
4957,2286,2419
4958,2308,2469
4959,2329,2475
4960,2347,2417
4961,2357,2378
4962,2361,2388
4963,2375,2320
4964,2388,2320
4965,2415,2320
4966,2440,2279
4967,2463,2323
4968,2481,2354
4969,2512,2349
4970,2522,2313
4971,2530,2301
4972,2544,2272
4973,2559,2352
4974,2575,2345
4975,2581,2394
4976,2585,2394
4977,2582,2433
4978,2558,2485
4979,2516,2391
4980,2441,2327
4981,2226,2395
4982,1643,2434
4983,863,2394
4984,222,2466
4985,208,2461
4986,187,2411
4987,206,2455
4988,190,2480
4989,192,2517
4990,182,2458
4991,176,2448
4992,191,2416
4993,173,2494
4994,189,2402
4995,198,2465
4996,194,2463
4997,203,2480
4998,211,2475
4999,199,2455
5000,206,2325
5001,187,2340
5002,173,2311
5003,164,2438
5004,149,2353
5005,144,2398
5006,138,2352
5007,122,2397
5008,94,2406
5009,32,2354
5010,0,2385
5011,45,2405
5012,53,2353
5013,64,2318
5014,65,2301
5015,47,2320
5016,48,2320
5017,16,2226
5018,0,2240
5019,0,2281
5020,0,2256
5021,0,2448
5022,0,2391
5023,0,2365
5024,0,2417
5025,0,2433
5026,0,2463
5027,0,2326
5028,0,2386
5029,0,2302
5030,0,2332
5031,0,2342
5032,0,2307
5033,0,2256
5034,0,2308
5035,0,2343
5036,0,2337
5037,0,2235
5038,0,2368
5039,0,2251
5040,0,2368
5041,0,2352
5042,0,2285
5043,0,2291
5044,0,2305
5045,0,2268
5046,0,2319
5047,0,2337
5048,0,2381
5049,0,2299
5050,0,2305
5051,128,2256
5052,101,2384
5053,535,2308
5054,866,2429
5055,1107,2445
5056,1262,2534
5057,1419,2443
5058,1613,2556
5059,1746,2484
5060,1830,2659
5061,1890,2541
5062,1925,2582
5063,2032,2448
5064,2096,2434
5065,2118,2422
5066,2146,2514
5067,2163,2496
5068,2194,2475
5069,2202,2368
5070,2221,2319
5071,2230,2352
5072,2242,2301
5073,2253,2422
5074,2253,2479
5075,2257,2521
5076,2258,2467
5077,2270,2480
5078,2269,2450
5079,2265,2576
5080,2257,2525
5081,2254,2619
5082,2251,2612
5083,2253,2533
5084,2253,2482
5085,2253,2416
5086,2250,2489
5087,2256,2667
5088,2258,2529
5089,2263,2591
5090,2261,2516
5091,2261,2540
5092,2257,2491
5093,2256,2516
5094,2263,2474
5095,2266,2501
5096,2274,2428
5097,2277,2413
5098,2274,2399
5099,2277,2480
5100,2281,2352
5101,2285,2421
5102,2287,2352
5103,2282,2486
5104,2279,2335
5105,2273,2557
5106,2269,2465
5107,2272,2416
5108,2278,2385
5109,2290,2349
5110,2282,2375
5111,2294,2503
5112,2299,2451
5113,2301,2418
5114,2308,2415
5115,2334,2417
5116,2344,2371
5117,2365,2313
5118,2363,2269
5119,2368,2292
5120,2374,2218
5121,2375,2286
5122,2352,2320
5123,2341,2384
5124,2314,2320
5125,2304,2362
5126,2298,2355
5127,2306,2308
5128,2304,2353
5129,2308,2363
5130,2314,2350
5131,2310,2324
5132,2317,2379
5133,2343,2320
5134,2373,2455
5135,2373,2371
5136,2384,2577
5137,2384,2463
5138,2384,2399
5139,2395,2292
5140,2398,2351
5141,2407,2430
5142,2410,2427
5143,2404,2366
5144,2411,2369
5145,2407,2378
5146,2403,2413
5147,2406,2490
5148,2406,2428
5149,2415,2417
5150,2413,2486
5151,2403,2483
5152,2399,2416
5153,2398,2366
5154,2400,2345
5155,2402,2432
5156,2407,2466
5157,2402,2389
5158,2410,2367
5159,2407,2368
5160,2402,2422
5161,2394,2473
5162,2384,2572
5163,2363,2461
5164,2348,2576
5165,2318,2517
5166,2303,2527
5167,2300,2497
5168,2313,2397
5169,2314,2339
5170,2310,2369
5171,2304,2369
5172,2320,2453
5173,2320,2467
5174,2318,2461
5175,2325,2481
5176,2327,2352
5177,2322,2369
5178,2320,2314
5179,2311,2341
5180,2309,2340
5181,2315,2287
5182,2309,2295
5183,2294,2450
5184,2245,2427
5185,2226,2464
5186,2160,2361
5187,2064,2422
5188,1903,2355
5189,1839,2337
5190,1730,2501
5191,1558,2451
5192,1418,2455
5193,1177,2519
5194,1072,2422
5195,1021,2530
5196,1005,2574
5197,883,2546
5198,741,2456
5199,518,2469
5200,374,2432
5201,227,2597
5202,181,2490
5203,157,2438
5204,166,2364
5205,188,2384
5206,176,2357
5207,159,2356
5208,143,2343
5209,143,2384
5210,112,2368
5211,102,2465
5212,107,2509
5213,89,2448
5214,107,2372
5215,89,2420
5216,78,2399
5217,51,2338
5218,48,2345
5219,42,2347
5220,30,2401
5221,20,2435
5222,24,2415
5223,0,2448
5224,0,2506
5225,0,2457
5226,0,2405
5227,0,2254
5228,0,2261
5229,0,2253
5230,0,2299
5231,0,2288
5232,0,2362
5233,0,2302
5234,0,2370
5235,0,2363
5236,0,2358
5237,0,2291
5238,0,2266
5239,0,2233
5240,0,2192
5241,79,2256
5242,169,2348
5243,500,2337
5244,782,2366
5245,1058,2321
5246,1286,2396
5247,1395,2419
5248,1552,2479
5249,1696,2451
5250,1778,2466
5251,1829,2394
5252,1917,2464
5253,2026,2373
5254,2085,2535
5255,2119,2516
5256,2185,2559
5257,2197,2428
5258,2235,2454
5259,2240,2427
5260,2259,2475
5261,2251,2463
5262,2258,2512
5263,2275,2603
5264,2273,2490
5265,2278,2415
5266,2277,2487
5267,2279,2387
5268,2279,2416
5269,2285,2352
5270,2282,2309
5271,2319,2419
5272,2274,2397
5273,2267,2405
5274,2260,2445
5275,2261,2438
5276,2259,2512
5277,2260,2544
5278,2262,2528
5279,2259,2514
5280,2274,2614
5281,2283,2609
5282,2282,2512
5283,2278,2494
5284,2286,2342
5285,2293,2497
5286,2288,2531
5287,2300,2523
5288,2294,2466
5289,2304,2458
5290,2299,2368
5291,2298,2515
5292,2306,2529
5293,2300,2498
5294,2302,2381
5295,2305,2643
5296,2293,2485
5297,2291,2497
5298,2270,2502
5299,2275,2389
5300,2286,2353
5301,2283,2358
5302,2240,2427
5303,2267,2379
5304,2271,2395
5305,2297,2443
5306,2303,2295
5307,2298,2272
5308,2309,2303
5309,2307,2302
5310,2313,2257
5311,2314,2375
5312,2319,2336
5313,2314,2355
5314,2309,2320
5315,2305,2413
5316,2313,2373
5317,2309,2443
5318,2313,2455
5319,2315,2345
5320,2322,2345
5321,2329,2292
5322,2343,2295
5323,2335,2266
5324,2348,2384
5325,2357,2423
5326,2387,2391
5327,2383,2317
5328,2395,2291
5329,2423,2299
5330,2445,2363
5331,2446,2486
5332,2448,2393
5333,2458,2388
5334,2463,2403
5335,2467,2373
5336,2458,2334
5337,2465,2385
5338,2480,2505
5339,2469,2465
5340,2485,2468
5341,2483,2384
5342,2483,2289
5343,2483,2209
5344,2495,2315
5345,2507,2271
5346,2518,2303
5347,2523,2373
5348,2525,2321
5349,2535,2302
5350,2534,2437
5351,2535,2486
5352,2537,2595
5353,2543,2496
5354,2544,2464
5355,2544,2384
5356,2544,2443
5357,2542,2413
5358,2550,2457
5359,2555,2432
5360,2553,2497
5361,2544,2542
5362,2586,2622
5363,2576,2749
5364,2567,2736
5365,2575,2625
5366,2559,2730
5367,2558,2704
5368,2559,2573
5369,2582,2597
5370,2578,2533
5371,2582,2500
5372,2589,2499
5373,2607,2581
5374,2625,2559
5375,2640,2507
5376,2640,2519
5377,2635,2531
5378,2640,2549
5379,2639,2608
5380,2613,2592
5381,2585,2583
5382,2528,2688
5383,2381,2581
5384,2192,2605
5385,1903,2625
5386,1671,2577
5387,1328,2503
5388,1054,2446
5389,862,2426
5390,750,2370
5391,602,2359
5392,602,2371
5393,566,2406
5394,357,2467
5395,278,2493
5396,210,2464
5397,151,2514
5398,136,2440
5399,118,2415
5400,128,2469
5401,125,2416
5402,123,2465
5403,126,2429
5404,125,2377
5405,122,2544
5406,109,2448
5407,101,2579
5408,88,2461
5409,6,2432
5410,0,2454
5411,0,2416
5412,0,2434
5413,0,2522
5414,0,2389
5415,0,2430
5416,0,2302
5417,0,2384
5418,0,2340
5419,0,2423
5420,0,2416
5421,0,2362
5422,0,2256
5423,0,2288
5424,0,2307
5425,0,2268
5426,0,2270
5427,0,2208
5428,0,2267
5429,0,2416
5430,0,2367
5431,0,2384
5432,0,2293
5433,0,2237
5434,0,2218
5435,0,2227
5436,0,2225
5437,0,2180
5438,0,2291
5439,0,2236
5440,0,2305
5441,0,2229
5442,0,2289
5443,190,2322
5444,422,2471
5445,1052,2461
5446,1303,2417
5447,1600,2481
5448,1773,2628
5449,1881,2542
5450,1983,2522
5451,2069,2514
5452,2112,2533
5453,2136,2475
5454,2149,2576
5455,2160,2551
5456,2170,2480
5457,2175,2354
5458,2188,2471
5459,2192,2419
5460,2229,2557
5461,2240,2497
5462,2237,2460
5463,2265,2334
5464,2339,2465
5465,2373,2323
5466,2413,2399
5467,2423,2414
5468,2422,2480
5469,2430,2433
5470,2432,2489
5471,2465,2490
5472,2500,2448
5473,2535,2434
5474,2554,2423
5475,2576,2438
5476,2613,2470
5477,2638,2491
5478,2647,2559
5479,2670,2576
5480,2668,2599
5481,2672,2662
5482,2688,2766
5483,2671,2886
5484,2672,2967
5485,2654,3115
5486,2643,3195
5487,2626,3346
5488,2613,3319
5489,2615,3409
5490,2596,3376
5491,2570,3489
5492,2506,3374
5493,2493,3557
5494,2512,3477
5495,2511,3583
5496,2466,3506
5497,2436,3449
5498,2446,3422
5499,2454,3568
5500,2464,3555
5501,2457,3675
5502,2427,3430
5503,2423,3611
5504,2439,3499
5505,2433,3617
5506,2418,3466
5507,2391,3583
5508,2335,3446
5509,2261,3611
5510,2229,3483
5511,2182,3645
5512,2070,3515
5513,1883,3627
5514,1712,3514
5515,1585,3632
5516,1378,3513
5517,1248,3651
5518,1134,3501
5519,968,3699
5520,541,3536
5521,195,3635
5522,74,3474
5523,0,3463
5524,0,3253
5525,0,3179
5526,0,2945
5527,0,2790
5528,0,2537
5529,0,2377
5530,0,2218
5531,0,2130
5532,0,2047
5533,0,1999
5534,0,1962
5535,0,1958
5536,0,1939
5537,0,1923
5538,0,1904
5539,0,1915
5540,0,1919
5541,0,1908
5542,0,1935
5543,0,1937
5544,0,1936
5545,0,1934
5546,0,1937
5547,0,1932
5548,0,1918
5549,0,1907
5550,0,1934
5551,0,1905
5552,0,1955
5553,0,1945
5554,0,1951
5555,0,1922
5556,0,1959
5557,0,1939
5558,0,1978
5559,0,1963
5560,0,1991
5561,0,1959
5562,0,1993
5563,0,1966
5564,0,1991
5565,0,1968
5566,0,1993
5567,0,1980
5568,0,2027
5569,0,1973
5570,0,2005
5571,0,1976
5572,0,2018
5573,0,1985
5574,0,2006
5575,0,1983
5576,0,2015
5577,0,1975
5578,0,2011
5579,0,2002
5580,0,2045
5581,0,2055
5582,0,2109
5583,0,2128
5584,0,2186
5585,0,2209
5586,0,2269
5587,0,2395
5588,0,2495
5589,0,2606
5590,0,2666
5591,0,2797
5592,0,2867
5593,107,2969
5594,316,2994
5595,400,3207
5596,563,3259
5597,759,3443
5598,907,3425
5599,1054,3566
5600,1238,3503
5601,1300,3583
5602,1314,3483
5603,1360,3615
5604,1435,3522
5605,1471,3695
5606,1473,3542
5607,1504,3677
5608,1535,3567
5609,1561,3751
5610,1582,3531
5611,1593,3664
5612,1717,3470
5613,1771,3691
5614,1808,3554
5615,1875,3695
5616,1904,3519
5617,1936,3749
5618,1949,3478
5619,1982,3632
5620,1991,3541
5621,2011,3664
5622,2000,3617
5623,2031,3702
5624,2064,3608
5625,2077,3728
5626,2098,3557
5627,2103,3675
5628,2105,3631
5629,2145,3664
5630,2160,3570
5631,2176,3683
5632,2209,3654
5633,2221,3702
5634,2203,3601
5635,2191,3664
5636,2176,3533
5637,2192,3555
5638,2219,3506
5639,2246,3639
5640,2256,3613
5641,2279,3552
5642,2304,3626
5643,2319,3623
5644,2320,3699
5645,2330,3724
5646,2337,3748
5647,2334,3623
5648,2320,3674
5649,2320,3715
5650,2342,3792
5651,2355,3615
5652,2384,3732
5653,2399,3670
5654,2405,3771
5655,2416,3600
5656,2417,3739
5657,2442,3707
5658,2452,3836
5659,2463,3626
5660,2479,3768
5661,2490,3631
5662,2502,3824
5663,2513,3473
5664,2525,3643
5665,2545,3513
5666,2553,3769
5667,2571,3600
5668,2580,3781
5669,2591,3533
5670,2608,3494
5671,2599,3447
5672,2593,3555
5673,2592,3377
5674,2614,3515
5675,2596,3373
5676,2597,3457
5677,2608,3350
5678,2612,3325
5679,2620,3236
5680,2624,3261
5681,2621,3221
5682,2615,3267
5683,2625,3307
5684,2627,3422
5685,2630,3403
5686,2629,3430
5687,2651,3365
5688,2655,3350
5689,2659,3328
5690,2646,3346
5691,2653,3353
5692,2665,3247
5693,2672,3315
5694,2681,3318
5695,2699,3286
5696,2713,3139
5697,2720,3247
5698,2745,3312
5699,2763,3359
5700,2786,3150
5701,2791,3186
5702,2803,3207
5703,2803,3344
5704,2815,3248
5705,2818,3248
5706,2821,3278
5707,2822,3351
5708,2826,3201
5709,2822,3329
5710,2831,3187
5711,2834,3469
5712,2832,3338
5713,2838,3405
5714,2837,3269
5715,2832,3263
5716,2829,3174
5717,2816,3267
5718,2806,3189
5719,2753,3249
5720,2772,3168
5721,2735,3287
5722,2698,3264
5723,2672,3349
5724,2647,3201
5725,2656,3326
5726,2647,3344
5727,2629,3440
5728,2615,3287
5729,2576,3290
5730,2513,3261
5731,2432,3465
5732,2384,3273
5733,2357,3381
5734,2342,3333
5735,2365,3353
5736,2381,3297
5737,2359,3327
5738,2293,3231
5739,2250,3322
5740,2107,3312
5741,2094,3360
5742,2081,3295
5743,1965,3363
5744,1873,3267
5745,1782,3170
5746,1713,3146
5747,1565,3117
5748,1451,3017
5749,1371,2943
5750,1152,2943
5751,960,2881
5752,722,2839
5753,603,2773
5754,578,2757
5755,571,2757
5756,562,2829
5757,341,2811
5758,172,2843
5759,101,2814
5760,0,2854
5761,0,2836
5762,0,2838
5763,0,2773
5764,0,2815
5765,0,2784
5766,0,2831
5767,0,2763
5768,0,2802
5769,0,2757
5770,0,2830
5771,0,2753
5772,0,2847
5773,0,2802
5774,0,2908
5775,0,2906
5776,0,3009
5777,0,2960
5778,0,3069
5779,0,3011
5780,0,3133
5781,0,3090
5782,0,3210
5783,0,3126
5784,0,3202
5785,0,3118
5786,0,3139
5787,0,3056
5788,0,3062
5789,0,2973
5790,0,3014
5791,0,2945
5792,0,3003
5793,0,2915
5794,0,2911
5795,0,2869
5796,122,2963
5797,979,3099
5798,1081,3277
5799,1117,3319
5800,1189,3414
5801,1275,3443
5802,1406,3494
5803,1463,3611
5804,1511,3638
5805,1552,3583
5806,1598,3647
5807,1733,3573
5808,1826,3541
5809,1853,3611
5810,1882,3535
5811,1882,3607
5812,1911,3539
5813,1927,3654
5814,1917,3539
5815,1923,3598
5816,1917,3505
5817,1919,3598
5818,1946,3519
5819,1989,3658
5820,2004,3583
5821,1985,3665
5822,1982,3523
5823,1947,3661
5824,1955,3493
5825,1933,3680
5826,1952,3525
5827,1945,3666
5828,1980,3516
5829,2002,3646
5830,2039,3571
5831,2058,3632
5832,2067,3510
5833,2091,3678
5834,2114,3465
5835,2122,3538
5836,2137,3450
5837,2146,3495
5838,2189,3445
5839,2222,3573
5840,2243,3453
5841,2251,3507
5842,2259,3391
5843,2261,3440
5844,2258,3327
5845,2230,3481
5846,2218,3430
5847,2218,3600
5848,2206,3525
5849,2190,3643
5850,2173,3561
5851,2189,3612
5852,2221,3535
5853,2227,3568
5854,2240,3563
5855,2267,3575
5856,2290,3575
5857,2317,3628
5858,2349,3549
5859,2371,3614
5860,2384,3615
5861,2395,3613
5862,2391,3631
5863,2384,3607
5864,2383,3714
5865,2384,3682
5866,2426,3728
5867,2461,3611
5868,2493,3693
5869,2512,3599
5870,2531,3723
5871,2571,3638
5872,2569,3675
5873,2555,3577
5874,2550,3727
5875,2569,3486
5876,2559,3581
5877,2576,3519
5878,2595,3583
5879,2608,3479
5880,2622,3621
5881,2625,3439
5882,2629,3614
5883,2640,3433
5884,2642,3522
5885,2647,3511
5886,2645,3759
5887,2659,3536
5888,2672,3691
5889,2676,3474
5890,2685,3710
5891,2674,3553
5892,2679,3630
5893,2687,3622
5894,2716,3717
5895,2706,3479
5896,2723,3642
5897,2723,3452
5898,2737,3696
5899,2745,3499
5900,2730,3537
5901,2718,3406
5902,2711,3403
5903,2714,3345
5904,2727,3426
5905,2727,3299
5906,2739,3439
5907,2748,3349
5908,2746,3351
5909,2736,3287
5910,2720,3363
5911,2733,3323
5912,2736,3347
5913,2746,3403
5914,2752,3310
5915,2759,3293
5916,2767,3203
5917,2753,3109
5918,2756,3136
5919,2752,3120
5920,2759,3051
5921,2764,3056
5922,2768,3024
5923,2768,2982
5924,2763,2997
5925,2757,3011
5926,2757,2912
5927,2751,2960
5928,2743,2957
5929,2735,2988
5930,2733,2955
5931,2705,2943
5932,2674,2857
5933,2617,2848
5934,2487,2807
5935,2416,2814
5936,2317,2820
5937,2169,2767
5938,1936,2758
5939,1735,2799
5940,1181,2688
5941,475,2736
5942,0,2630
5943,0,2630
5944,0,2554
5945,0,2643
5946,0,2634
5947,0,2624
5948,0,2544
5949,0,2672
5950,0,2647
5951,0,2666
5952,0,2534
5953,0,2577
5954,0,2608
5955,0,2671
5956,0,2517
5957,0,2511
5958,0,2437
5959,0,2477
5960,0,2435
5961,0,2443
5962,0,2435
5963,0,2464
5964,0,2496
5965,0,2483
5966,0,2469
5967,0,2431
5968,0,2448
5969,0,2492
5970,0,2493
5971,0,2500
5972,0,2496
5973,0,2525
5974,0,2513
5975,0,2559
5976,0,2527
5977,33,2495
5978,71,2543
5979,195,2618
5980,441,2671
5981,592,2673
5982,703,2663
5983,784,2623
5984,976,2640
5985,1219,2518
5986,1351,2554
5987,1414,2577
5988,1441,2622
5989,1493,2577
5990,1530,2635
5991,1574,2578
5992,1612,2654
5993,1622,2626
5994,1654,2691
5995,1642,2586
5996,1663,2625
5997,1678,2619
5998,1711,2649
5999,1708,2614
6000,1702,2688
6001,1747,2606
6002,1767,2624
6003,1766,2525
6004,1778,2559
6005,1777,2555
6006,1776,2621
6007,1788,2511
6008,1782,2703
6009,1729,2642
6010,1723,2625
6011,1728,2596
6012,1702,2640
6013,1686,2546
6014,1670,2546
6015,1712,2525
6016,1712,2688
6017,1713,2576
6018,1719,2608
6019,1718,2621
6020,1713,2624
6021,1694,2551
6022,1667,2629
6023,1674,2499
6024,1675,2572
6025,1670,2575
6026,1664,2596
6027,1689,2541
6028,1706,2535
6029,1719,2507
6030,1714,2511
6031,1658,2509
6032,1681,2594
6033,1740,2587
6034,1678,2529
6035,1686,2577
6036,1678,2513
6037,1683,2475
6038,1695,2446
6039,1691,2439
6040,1710,2495
6041,1702,2511
6042,1685,2431
6043,1648,2452
6044,1627,2442
6045,1622,2445
6046,1611,2414
6047,1580,2479
6048,1603,2439
6049,1623,2469
6050,1595,2419
6051,1525,2418
6052,1479,2398
6053,1483,2402
6054,1505,2350
6055,1524,2441
6056,1527,2391
6057,1534,2414
6058,1554,2446
6059,1570,2467
6060,1580,2487
6061,1574,2559
6062,1579,2443
6063,1562,2492
6064,1542,2399
6065,1521,2497
6066,1488,2401
6067,1470,2496
6068,1379,2435
6069,1273,2486
6070,1103,2457
6071,788,2490
6072,534,2421
6073,175,2500
6074,0,2446
6075,0,2395
6076,0,2320
6077,0,2351
6078,0,2355
6079,0,2459
6080,0,2342
6081,0,2416
6082,0,2337
6083,0,2352
6084,0,2342
6085,0,2341
6086,0,2374
6087,0,2379
6088,0,2279
6089,0,2298
6090,0,2270
6091,0,2259
6092,0,2194
6093,0,2263
6094,0,2219
6095,0,2202
6096,0,2158
6097,0,2206
6098,0,2189
6099,0,2160
6100,0,2135
6101,0,2165
6102,0,2211
6103,0,2130
6104,0,2128
6105,0,2099
6106,0,2135
6107,0,2150
6108,0,2173
6109,0,2193
6110,0,2243
6111,0,2288
6112,0,2288
6113,0,2263
6114,0,2275
6115,0,2254
6116,0,2229
6117,0,2269
6118,0,2422
6119,0,2425
6120,0,2545
6121,0,2447
6122,0,2485
6123,0,2478
6124,0,2480
6125,0,2509
6126,0,2526
6127,0,2482
6128,9,2517
6129,0,2523
6130,25,2507
6131,48,2455
6132,338,2552
6133,397,2538
6134,464,2601
6135,591,2610
6136,694,2630
6137,959,2529
6138,1093,2511
6139,1168,2461
6140,1184,2588
6141,1162,2546
6142,1189,2567
6143,1199,2640
6144,1204,2618
6145,1214,2556
6146,1217,2611
6147,1242,2541
6148,1241,2597
6149,1255,2582
6150,1246,2507
6151,1257,2567
6152,1245,2547
6153,1232,2538
6154,1213,2497
6155,1232,2463
6156,1235,2531
6157,1232,2515
6158,1242,2482
6159,1269,2505
6160,1285,2493
6161,1308,2512
6162,1311,2592
6163,1332,2518
6164,1344,2451
6165,1377,2480
6166,1385,2463
6167,1397,2492
6168,1382,2500
6169,1397,2463
6170,1399,2384
6171,1408,2454
6172,1439,2395
6173,1441,2493
6174,1440,2518
6175,1438,2549
6176,1424,2512
6177,1349,2614
6178,1362,2527
6179,1366,2614
6180,1349,2578
6181,1375,2591
6182,1392,2528
6183,1391,2416
6184,1446,2430
6185,1515,2394
6186,1558,2433
6187,1602,2482
6188,1617,2455
6189,1646,2384
6190,1661,2294
6191,1684,2405
6192,1691,2426
6193,1764,2448
6194,1847,2401
6195,1914,2416
6196,1991,2409
6197,2064,2499
6198,2110,2429
6199,2142,2407
6200,2211,2378
6201,2288,2383
6202,2352,2359
6203,2379,2416
6204,2420,2453
6205,2470,2503
6206,2511,2521
6207,2539,2637
6208,2555,2555
6209,2573,2498
6210,2576,2425
6211,2591,2421
6212,2602,2507
6213,2605,2512
6214,2594,2652
6215,2624,2649
6216,2640,2626
6217,2640,2702
6218,2672,2665
6219,2689,2670
6220,2699,2672
6221,2704,2663
6222,2723,2635
6223,2703,2701
6224,2702,2735
6225,2704,2753
6226,2719,2805
6227,2717,2766
6228,2709,2772
6229,2725,2741
6230,2725,2798
6231,2730,2756
6232,2752,2864
6233,2755,2871
6234,2757,2935
6235,2753,2862
6236,2758,2850
6237,2762,2864
6238,2773,2933
6239,2783,2931
6240,2780,3031
6241,2816,2957
6242,2815,2943
6243,2815,2960
6244,2778,3104
6245,2771,3005
6246,2772,3211
6247,2766,3065
6248,2762,3115
6249,2757,3102
6250,2755,3184
6251,2775,3139
6252,2797,3267
6253,2794,3141
6254,2797,3105
6255,2794,3114
6256,2784,3019
6257,2786,2970
6258,2789,2941
6259,2784,2951
6260,2771,2992
6261,2774,2871
6262,2771,2744
6263,2793,2743
6264,2748,2816
6265,2789,2862
6266,2779,2900
6267,2777,2807
6268,2770,2807
6269,2779,2723
6270,2782,2708
6271,2784,2697
6272,2785,2709
6273,2770,2672
6274,2771,2672
6275,2768,2607
6276,2763,2624
6277,2714,2704
6278,2782,2733
6279,2765,2845
6280,2759,2933
6281,2755,3152
6282,2711,3179
6283,2695,3408
6284,2694,3412
6285,2725,3591
6286,2741,3520
6287,2759,3696
6288,2767,3574
6289,2769,3566
6290,2773,3542
6291,2762,3660
6292,2747,3571
6293,2723,3522
6294,2686,3309
6295,2667,3311
6296,2641,3166
6297,2623,3136
6298,2573,3020
6299,2532,3056
6300,2494,3039
6301,2371,3215
6302,2180,3183
6303,1974,3378
6304,1695,3344
6305,1471,3502
6306,1440,3423
6307,1482,3568
6308,1310,3454
6309,1222,3568
6310,1203,3440
6311,1111,3312
6312,711,3071
6313,462,3050
6314,222,2911
6315,0,2907
6316,0,2781
6317,16,2761
6318,0,2639
6319,0,2669
6320,0,2557
6321,0,2597
6322,0,2559
6323,0,2601
6324,0,2541
6325,0,2576
6326,0,2534
6327,0,2544
6328,0,2509
6329,0,2519
6330,0,2479
6331,0,2464
6332,0,2427
6333,0,2411
6334,0,2354
6335,0,2351
6336,0,2302
6337,0,2285
6338,0,2215
6339,0,2159
6340,0,2140
6341,0,2094
6342,0,2028
6343,0,1972
6344,0,1954
6345,0,1966
6346,0,2020
6347,0,2059
6348,0,2112
6349,0,2157
6350,0,2220
6351,0,2256
6352,0,2298
6353,34,2300
6354,74,2347
6355,211,2375
6356,409,2462
6357,496,2480
6358,533,2583
6359,550,2586
6360,574,2671
6361,593,2645
6362,694,2734
6363,843,2671
6364,959,2835
6365,1090,2767
6366,1327,2838
6367,1411,2733
6368,1486,2785
6369,1565,2788
6370,1680,2840
6371,1766,2768
6372,1835,2804
6373,1895,2772
6374,1955,2822
6375,1979,2725
6376,2030,2759
6377,2047,2682
6378,2106,2801
6379,2185,2772
6380,2188,2785
6381,2192,2720
6382,2151,2733
6383,2176,2690
6384,2181,2687
6385,2192,2714
6386,2214,2702
6387,2214,2637
6388,2208,2607
6389,2224,2530
6390,2213,2576
6391,2221,2544
6392,2187,2528
6393,2236,2539
6394,2254,2608
6395,2262,2609
6396,2271,2582
6397,2285,2547
6398,2299,2535
6399,2318,2517
6400,2339,2542
6401,2377,2550
6402,2400,2492
6403,2415,2542
6404,2436,2490
6405,2477,2537
6406,2502,2604
6407,2511,2579
6408,2537,2588
6409,2555,2690
6410,2558,2601
6411,2590,2557
6412,2607,2557
6413,2627,2585
6414,2642,2546
6415,2654,2576
6416,2663,2571
6417,2672,2620
6418,2675,2549
6419,2675,2551
6420,2681,2575
6421,2688,2631
6422,2699,2537
6423,2704,2545
6424,2711,2676
6425,2709,2654
6426,2733,2589
6427,2723,2711
6428,2724,2596
6429,2730,2622
6430,2851,2606
6431,2736,2704
6432,2748,2679
6433,2749,2771
6434,2753,2721
6435,2753,2679
6436,2752,2658
6437,2759,2704
6438,2762,2667
6439,2764,2660
6440,2766,2605
6441,2769,2645
6442,2753,2576
6443,2703,2616
6444,2584,2589
6445,2371,2656
6446,2059,2608
6447,1439,2704
6448,682,2682
6449,0,2762
6450,0,2672
6451,0,2592
6452,0,2464
6453,0,2403
6454,0,2337
6455,0,2350
6456,0,2283
6457,0,2288
6458,0,2236
6459,0,2243
6460,0,2148
6461,0,2081
6462,0,1955
6463,0,1890
6464,0,1838
6465,0,1812
6466,0,1791
6467,0,1776
6468,0,1776
6469,0,1776
6470,0,1805
6471,0,1847
6472,0,1921
6473,0,1973
6474,0,2011
6475,0,2027
6476,0,2078
6477,0,2047
6478,0,2112
6479,0,2096
6480,0,2106
6481,0,2064
6482,0,2031
6483,0,1974
6484,0,1925
6485,0,1861
6486,0,1847
6487,0,1787
6488,0,1797
6489,0,1776
6490,0,1770
6491,0,1744
6492,0,1744
6493,0,1723
6494,0,1751
6495,0,1718
6496,0,1717
6497,0,1708
6498,0,1708
6499,0,1680
6500,0,1709
6501,0,1685
6502,0,1700
6503,0,1669
6504,0,1694
6505,0,1681
6506,0,1712
6507,0,1682
6508,0,1704
6509,0,1664
6510,0,1653
6511,0,1638
6512,0,1659
6513,0,1651
6514,0,1708
6515,0,1670
6516,0,1686
6517,0,1687
6518,0,1681
6519,0,1678
6520,0,1685
6521,0,1669
6522,0,1697
6523,0,1675
6524,0,1714
6525,0,1715
6526,0,1739
6527,0,1691
6528,0,1707
6529,0,1693
6530,0,1712
6531,0,1689
6532,0,1696
6533,0,1693
6534,0,1697
6535,0,1679
6536,0,1670
6537,0,1664
6538,0,1655
6539,0,1660
6540,0,1657
6541,0,1679
6542,0,1667
6543,0,1686
6544,0,1690
6545,0,1719
6546,0,1687
6547,0,1694
6548,0,1709
6549,0,1712
6550,0,1701
6551,0,1699
6552,0,1685
6553,0,1695
6554,0,1697
6555,0,1705
6556,0,1693
6557,0,1712
6558,0,1713
6559,0,1777
6560,0,1822
6561,0,1904
6562,0,1959
6563,0,2158
6564,0,2265
6565,0,2517
6566,408,2574
6567,569,2794
6568,851,2860
6569,1155,3055
6570,1260,3040
6571,1329,3123
6572,1419,3097
6573,1466,3169
6574,1600,3024
6575,1678,3120
6576,1701,3094
6577,1696,3135
6578,1712,3079
6579,1746,3088
6580,1787,3051
6581,1831,3175
6582,1859,3115
6583,1872,3186
6584,1881,3152
6585,1879,3201
6586,1919,3170
6587,1945,3203
6588,1984,3153
6589,2003,3187
6590,2004,3167
6591,2003,3165
6592,2012,3152
6593,2001,3136
6594,1947,3173
6595,1835,3195
6596,1775,3207
6597,1710,3175
6598,1657,3195
6599,1657,3155
6600,1635,3197
6601,1641,3178
6602,1651,3217
6603,1669,3207
6604,1680,3223
6605,1750,3180
6606,1788,3267
6607,1783,3183
6608,1792,3189
6609,1746,3024
6610,1786,3152
6611,1839,3053
6612,1884,3216
6613,1904,3189
6614,1990,3262
6615,2090,3135
6616,2123,3201
6617,2179,3085
6618,2222,3155
6619,2266,3231
6620,2345,3233
6621,2416,3114
6622,2486,3179
6623,2530,3037
6624,2576,3087
6625,2591,2867
6626,2614,2853
6627,2636,2704
6628,2643,2766
6629,2675,2684
6630,2683,2766
6631,2690,2635
6632,2717,2669
6633,2722,2638
6634,2736,2669
6635,2749,2559
6636,2753,2591
6637,2762,2554
6638,2768,2559
6639,2778,2421
6640,2779,2447
6641,2789,2419
6642,2790,2462
6643,2777,2407
6644,2771,2443
6645,2770,2409
6646,2777,2454
6647,2768,2410
6648,2766,2502
6649,2765,2433
6650,2767,2522
6651,2749,2460
6652,2736,2466
6653,2721,2447
6654,2710,2467
6655,2700,2510
6656,2702,2483
6657,2704,2463
6658,2698,2465
6659,2701,2416
6660,2696,2391
6661,2687,2352
6662,2688,2402
6663,2672,2384
6664,2666,2306
6665,2661,2307
6666,2645,2337
6667,2629,2425
6668,2630,2405
6669,2637,2398
6670,2624,2423
6671,2633,2433
6672,2627,2452
6673,2637,2451
6674,2635,2448
6675,2640,2459
6676,2644,2469
6677,2643,2480
6678,2646,2557
6679,2641,2454
6680,2639,2381
6681,2635,2391
6682,2625,2398
6683,2640,2379
6684,2663,2289
6685,2679,2364
6686,2687,2361
6687,2686,2354
6688,2684,2301
6689,2675,2389
6690,2655,2484
6691,2641,2370
6692,2640,2353
6693,2653,2367
6694,2658,2302
6695,2663,2224
6696,2662,2178
6697,2660,2142
6698,2670,2097
6699,2673,2135
6700,2671,2143
6701,2674,2128
6702,2665,2068
6703,2656,2129
6704,2661,2059
6705,2663,2032
6706,2672,1974
6707,2675,1998
6708,2666,1983
6709,2624,2011
6710,2602,2007
6711,2543,2063
6712,2386,2069
6713,2224,2137
6714,2038,2129
6715,1792,2195
6716,1586,2190
6717,1355,2253
6718,1075,2267
6719,560,2287
6720,19,2288
6721,0,2320
6722,0,2227
6723,0,2203
6724,0,2119
6725,0,2079
6726,0,2054
6727,0,2066
6728,0,2023
6729,0,1997
6730,0,1975
6731,0,1975
6732,0,1987
6733,0,1983
6734,0,1945
6735,0,1964
6736,0,1973
6737,0,1973
6738,0,2032
6739,0,2110
6740,39,2162
6741,128,2224
6742,202,2239
6743,159,2274
6744,175,2313
6745,233,2285
6746,313,2352
6747,368,2335
6748,372,2378
6749,432,2323
6750,444,2351
6751,432,2315
6752,439,2337
6753,438,2289
6754,401,2341
6755,19,2321
6756,0,2363
6757,19,2303
6758,156,2352
6759,157,2315
6760,186,2352
6761,331,2297
6762,335,2337
6763,240,2275
6764,339,2321
6765,375,2258
6766,368,2325
6767,374,2275
6768,376,2313
6769,365,2253
6770,386,2299
6771,420,2244
6772,397,2320
6773,400,2303
6774,423,2320
6775,452,2282
6776,461,2282
6777,464,2291
6778,498,2306
6779,499,2277
6780,499,2295
6781,505,2257
6782,501,2298
6783,450,2258
6784,445,2313
6785,444,2278
6786,489,2327
6787,528,2287
6788,538,2319
6789,539,2330
6790,544,2355
6791,534,2349
6792,477,2371
6793,256,2356
6794,0,2363
6795,0,2317
6796,0,2295
6797,0,2298
6798,0,2251
6799,0,2235
6800,0,2231
6801,0,2217
6802,0,2246
6803,0,2258
6804,0,2269
6805,0,2281
6806,0,2253
6807,0,2275
6808,0,2269
6809,0,2289
6810,26,2298
6811,51,2346
6812,48,2339
6813,102,2367
6814,201,2346
6815,398,2371
6816,411,2342
6817,449,2369
6818,453,2345
6819,458,2387
6820,483,2362
6821,484,2368
6822,445,2334
6823,463,2368
6824,485,2347
6825,495,2400
6826,494,2342
6827,435,2384
6828,401,2340
6829,401,2359
6830,304,2321
6831,174,2356
6832,124,2315
6833,120,2383
6834,130,2342
6835,128,2381
6836,129,2325
6837,112,2387
6838,0,2352
6839,0,2379
6840,0,2328
6841,0,2382
6842,0,2299
6843,0,2303
6844,0,2277
6845,0,2307
6846,0,2241
6847,0,2259
6848,0,2219
6849,0,2248
6850,0,2204
6851,0,2239
6852,0,2183
6853,0,2246
6854,0,2224
6855,0,2246
6856,0,2266
6857,0,2297
6858,16,2297
6859,33,2353
6860,58,2338
6861,279,2383
6862,466,2383
6863,497,2386
6864,503,2416
6865,530,2437
6866,541,2417
6867,575,2410
6868,593,2407
6869,616,2415
6870,638,2416
6871,641,2406
6872,675,2407
6873,689,2400
6874,713,2416
6875,750,2410
6876,783,2390
6877,803,2389
6878,815,2426
6879,815,2411
6880,795,2414
6881,771,2389
6882,720,2419
6883,702,2380
6884,698,2429
6885,708,2379
6886,720,2407
6887,770,2371
6888,806,2393
6889,804,2383
6890,758,2402
6891,758,2361
6892,726,2410
6893,624,2367
6894,535,2422
6895,428,2370
6896,313,2423
6897,107,2391
6898,0,2444
6899,0,2368
6900,0,2364
6901,0,2275
6902,0,2283
6903,0,2203
6904,0,2223
6905,0,2176
6906,0,2221
6907,0,2173
6908,0,2170
6909,0,2166
6910,0,2213
6911,0,2167
6912,0,2241
6913,0,2183
6914,0,2230
6915,0,2221
6916,0,2280
6917,0,2278
6918,0,2337
6919,273,2352
6920,370,2362
6921,539,2369
6922,577,2413
6923,621,2405
6924,646,2426
6925,766,2388
6926,891,2405
6927,966,2373
6928,1003,2402
6929,995,2386
6930,962,2415
6931,927,2409
6932,859,2414
6933,840,2400
6934,816,2394
6935,847,2391
6936,826,2382
6937,767,2379
6938,758,2385
6939,773,2393
6940,800,2402
6941,779,2397
6942,687,2397
6943,625,2399
6944,622,2384
6945,647,2382
6946,675,2354
6947,694,2385
6948,620,2351
6949,640,2386
6950,647,2394
6951,635,2410
6952,640,2378
6953,636,2432
6954,634,2384
6955,619,2391
6956,608,2393
6957,560,2448
6958,339,2391
6959,171,2445
6960,52,2394
6961,0,2433
6962,0,2400
6963,0,2406
6964,0,2306
6965,0,2320
6966,0,2250
6967,0,2294
6968,0,2223
6969,0,2256
6970,0,2197
6971,0,2207
6972,0,2127
6973,0,2166
6974,0,2115
6975,0,2142
6976,0,2115
6977,0,2151
6978,0,2126
6979,0,2137
6980,0,2087
6981,0,2160
6982,0,2101
6983,0,2129
6984,0,2138
6985,0,2163
6986,0,2155
6987,0,2291
6988,107,2285
6989,275,2341
6990,355,2372
6991,442,2414
6992,505,2405
6993,590,2452
6994,688,2426
6995,656,2452
6996,717,2435
6997,741,2463
6998,765,2425
6999,794,2455
7000,804,2450
7001,848,2463
7002,864,2435
7003,901,2475
7004,973,2462
7005,1032,2469
7006,1073,2429
7007,1086,2394
7008,1111,2417
7009,1131,2419
7010,1138,2407
7011,1159,2404
7012,1189,2448
7013,1216,2416
7014,1216,2416
7015,1227,2401
7016,1264,2448
7017,1264,2410
7018,1254,2444
7019,1269,2418
7020,1269,2432
7021,1264,2389
7022,1264,2447
7023,1267,2419
7024,1283,2445
7025,1287,2427
7026,1283,2448
7027,1281,2432
7028,1279,2481
7029,1275,2433
7030,1283,2448
7031,1265,2415
7032,1263,2463
7033,1232,2406
7034,1225,2450
7035,1191,2406
7036,1189,2451
7037,1205,2408
7038,1043,2447
7039,991,2433
7040,998,2466
7041,982,2442
7042,884,2476
7043,1008,2427
7044,1047,2480
7045,1167,2421
7046,1267,2459
7047,1306,2411
7048,1296,2445
7049,1229,2413
7050,1131,2415
7051,1102,2396
7052,944,2449
7053,853,2396
7054,899,2432
7055,1063,2407
7056,1114,2465
7057,982,2441
7058,912,2466
7059,833,2426
7060,689,2465
7061,555,2442
7062,394,2461
7063,384,2455
7064,203,2485
7065,0,2483
7066,0,2477
7067,0,2448
7068,0,2480
7069,16,2512
7070,29,2487
7071,0,2480
7072,0,2495
7073,0,2490
7074,0,2449
7075,0,2461
7076,0,2465
7077,0,2473
7078,0,2457
7079,0,2480
7080,0,2487
7081,0,2517
7082,0,2474
7083,0,2480
7084,0,2448
7085,0,2509
7086,0,2480
7087,0,2519
7088,99,2507
7089,0,2517
7090,0,2467
7091,0,2496
7092,93,2437
7093,0,2512
7094,0,2465
7095,0,2498
7096,0,2457
7097,0,2497
7098,0,2452
7099,112,2456
7100,289,2437
7101,418,2499
7102,594,2451
7103,683,2512
7104,801,2464
7105,938,2512
7106,1006,2455
7107,1040,2458
7108,1054,2479
7109,1003,2471
7110,999,2423
7111,1014,2511
7112,1022,2446
7113,1037,2497
7114,1030,2459
7115,1039,2482
7116,1074,2423
7117,1083,2480
7118,1120,2426
7119,1169,2467
7120,1191,2437
7121,1200,2480
7122,1213,2433
7123,1234,2445
7124,1249,2396
7125,1267,2423
7126,1286,2416
7127,1296,2458
7128,1279,2426
7129,1280,2454
7130,1327,2437
7131,1329,2465
7132,1307,2421
7133,1310,2522
7134,1309,2478
7135,1311,2467
7136,1309,2448
7137,1313,2422
7138,1310,2416
7139,1311,2431
7140,1267,2415
7141,1220,2368
7142,1181,2442
7143,1143,2458
7144,1151,2414
7145,1154,2451
7146,1130,2523
7147,1139,2453
7148,1152,2459
7149,1135,2454
7150,1105,2461
7151,1102,2432
7152,1094,2461
7153,1102,2435
7154,1136,2441
7155,1145,2404
7156,1151,2445
7157,1174,2423
7158,1169,2463
7159,1195,2443
7160,1231,2441
7161,1312,2405
7162,1333,2416
7163,1339,2369
7164,1350,2423
7165,1353,2383
7166,1326,2457
7167,1303,2416
7168,1239,2455
7169,1146,2417
7170,1044,2498
7171,1041,2444
7172,992,2481
7173,976,2409
7174,975,2481
7175,963,2421
7176,955,2474
7177,947,2479
7178,994,2502
7179,1040,2425
7180,999,2517
7181,953,2471
7182,882,2499
7183,875,2469
7184,847,2486
7185,826,2447
7186,766,2508
7187,667,2432
7188,538,2473
7189,331,2414
7190,0,2448
7191,0,2378
7192,0,2389
7193,0,2263
7194,0,2218
7195,0,2148
7196,0,2139
7197,0,2098
7198,0,2128
7199,0,2063
7200,0,2069
7201,0,2026
7202,0,2038
7203,0,2047
7204,0,2077
7205,0,2039
7206,0,2046
7207,0,2032
7208,0,2075
7209,0,2069
7210,47,2114
7211,49,2127
7212,0,2192
7213,185,2258
7214,339,2319
7215,435,2354
7216,541,2349
7217,640,2410
7218,751,2435
7219,815,2431
7220,865,2417
7221,943,2443
7222,958,2437
7223,959,2447
7224,961,2416
7225,967,2451
7226,1008,2416
7227,1035,2475
7228,1036,2499
7229,1049,2485
7230,1009,2426
7231,976,2474
7232,903,2421
7233,859,2477
7234,806,2418
7235,706,2461
7236,656,2415
7237,533,2433
7238,388,2384
7239,393,2448
7240,448,2380
7241,495,2469
7242,531,2368
7243,739,2430
7244,843,2379
7245,847,2432
7246,897,2396
7247,922,2434
7248,944,2379
7249,951,2432
7250,975,2393
7251,998,2448
7252,1030,2387
7253,1043,2388
7254,1040,2341
7255,1023,2399
7256,1050,2382
7257,1091,2443
7258,1063,2374
7259,1057,2443
7260,1087,2417
7261,1089,2455
7262,1047,2409
7263,1040,2469
7264,1059,2449
7265,1072,2470
7266,1084,2413
7267,1068,2431
7268,1061,2386
7269,1054,2427
7270,1008,2370
7271,1008,2382
7272,1035,2422
7273,1055,2428
7274,1080,2386
7275,1125,2435
7276,1133,2431
7277,1149,2403
7278,1190,2432
7279,1181,2435
7280,1172,2443
7281,1177,2444
7282,1193,2447
7283,1183,2409
7284,1211,2407
7285,1258,2393
7286,1266,2436
7287,1302,2416
7288,1326,2391
7289,1323,2381
7290,1257,2417
7291,1259,2404
7292,1264,2422
7293,1285,2358
7294,1267,2343
7295,1250,2367
7296,1257,2469
7297,1258,2438
7298,1266,2467
7299,1273,2469
7300,1260,2512
7301,1235,2441
7302,1241,2439
7303,1235,2368
7304,1245,2434
7305,1220,2349
7306,1198,2387
7307,1207,2368
7308,1211,2432
7309,1238,2384
7310,1281,2421
7311,1258,2391
7312,1273,2390
7313,1275,2358
7314,1282,2421
7315,1297,2343
7316,1299,2450
7317,1305,2391
7318,1308,2423
7319,1302,2397
7320,1301,2465
7321,1305,2382
7322,1305,2443
7323,1301,2413
7324,1300,2479
7325,1280,2431
7326,1242,2466
7327,1260,2416
7328,1230,2470
7329,1185,2419
7330,1168,2439
7331,1168,2395
7332,1156,2439
7333,1142,2403
7334,1173,2441
7335,1172,2433
7336,1134,2465
7337,1122,2394
7338,1102,2457
7339,1125,2428
7340,1130,2474
7341,1179,2473
7342,1199,2467
7343,1178,2386
7344,1182,2421
7345,1193,2433
7346,1178,2432
7347,1104,2401
7348,1136,2418
7349,1154,2419
7350,1146,2422
7351,1145,2462
7352,1158,2448
7353,1168,2451
7354,1166,2450
7355,1152,2431
7356,1146,2413
7357,1166,2418
7358,1168,2415
7359,1161,2411
7360,1145,2411
7361,1105,2417
7362,991,2368
7363,938,2385
7364,890,2381
7365,907,2431
7366,901,2379
7367,696,2448
7368,447,2449
7369,305,2483
7370,55,2448
7371,4,2496
7372,64,2406
7373,0,2431
7374,0,2401
7375,0,2421
7376,0,2372
7377,0,2367
7378,0,2288
7379,0,2305
7380,0,2270
7381,0,2310
7382,0,2223
7383,0,2271
7384,0,2192
7385,0,2173
7386,0,2123
7387,0,2075
7388,0,2014
7389,0,2032
7390,0,2047
7391,0,2139
7392,0,2163
7393,0,2223
7394,0,2211
7395,0,2284
7396,0,2253
7397,0,2311
7398,0,2287
7399,0,2343
7400,0,2329
7401,0,2372
7402,23,2371
7403,108,2429
7404,134,2427
7405,186,2467
7406,319,2457
7407,408,2507
7408,521,2514
7409,563,2550
7410,624,2535
7411,733,2559
7412,791,2550
7413,841,2559
7414,854,2551
7415,883,2543
7416,879,2523
7417,914,2541
7418,942,2553
7419,976,2545
7420,1005,2549
7421,1018,2547
7422,1014,2559
7423,1059,2527
7424,1074,2559
7425,1105,2567
7426,1200,2591
7427,1242,2624
7428,1243,2603
7429,1255,2537
7430,1295,2577
7431,1401,2531
7432,1454,2515
7433,1599,2522
7434,1915,2526
7435,2188,2549
7436,2335,2559
7437,2448,2579
7438,2518,2658
7439,2555,2573
7440,2641,2634
7441,2702,2587
7442,2792,2626
7443,2922,2710
7444,2864,2690
7445,2899,2621
7446,2931,2746
7447,2963,2758
7448,2976,2819
7449,2989,2772
7450,2986,2895
7451,2979,2896
7452,2982,2995
7453,2991,2901
7454,2981,2800
7455,2977,2704
7456,2986,2773
7457,2991,2672
7458,2978,2770
7459,2992,2843
7460,2995,2795
7461,2987,2654
7462,2977,2832
7463,2962,2754
7464,2953,2731
7465,2955,2667
7466,2939,2765
7467,2925,2672
7468,2899,2863
7469,2889,2759
7470,2880,2627
7471,2845,2529
7472,2829,2586
7473,2819,2573
7474,2805,2576
7475,2784,2613
7476,2762,2624
7477,2697,2526
7478,2577,2496
7479,2448,2483
7480,2320,2659
7481,2193,2576
7482,2037,2386
7483,2006,2226
7484,2031,2314
7485,2034,2317
7486,1995,2383
7487,1946,2225
7488,1790,2353
7489,1625,2405
7490,1490,2382
7491,1330,2354
7492,1155,2351
7493,900,2419
7494,589,2409
7495,511,2403
7496,336,2311
7497,240,2352
7498,112,2320
7499,86,2347
7500,10,2369
7501,0,2363
7502,0,2313
7503,0,2335
7504,0,2287
7505,0,2273
7506,0,2279
7507,33,2544
7508,47,2607
7509,77,2778
7510,68,2917
7511,29,2942
7512,0,2887
7513,0,2960
7514,0,2869
7515,0,2944
7516,0,2819
7517,0,2814
7518,0,2775
7519,0,2818
7520,0,2815
7521,0,2883
7522,0,2789
7523,0,2798
7524,0,2669
7525,0,2677
7526,0,2618
7527,0,2635
7528,0,2544
7529,0,2589
7530,0,2498
7531,0,2463
7532,0,2368
7533,0,2384
7534,0,2303
7535,0,2310
7536,0,2240
7537,0,2261
7538,0,2199
7539,0,2239
7540,0,2223
7541,0,2222
7542,0,2176
7543,0,2190
7544,0,2206
7545,0,2218
7546,0,2219
7547,0,2281
7548,391,2269
7549,1318,2319
7550,1712,2401
7551,1899,2493
7552,2128,2512
7553,2315,2592
7554,2557,2608
7555,2626,2679
7556,2687,2822
7557,2649,2868
7558,2635,3061
7559,2672,3081
7560,2689,3184
7561,2675,3233
7562,2683,3341
7563,2654,3191
7564,2583,3430
7565,2608,3331
7566,2650,3280
7567,2645,3347
7568,2625,3263
7569,2638,3041
7570,2623,3106
7571,2640,2999
7572,2704,2918
7573,2768,2830
7574,2807,2906
7575,2831,2847
7576,2859,2843
7577,2864,2819
7578,2861,2966
7579,2879,2846
7580,2882,2880
7581,2864,2761
7582,2876,2799
7583,2880,2717
7584,2864,2834
7585,2827,2738
7586,2786,2814
7587,2755,2729
7588,2727,2781
7589,2711,2725
7590,2671,2767
7591,2591,2709
7592,2496,2787
7593,2438,2683
7594,2351,2683
7595,2219,2636
7596,1985,2693
7597,1679,2688
7598,1300,2783
7599,860,2747
7600,441,2714
7601,0,2642
7602,0,2559
7603,0,2374
7604,0,2243
7605,0,2103
7606,0,1946
7607,0,1792
7608,0,1732
7609,0,1695
7610,0,1664
7611,0,1613
7612,0,1639
7613,0,1614
7614,0,1642
7615,0,1616
7616,0,1649
7617,0,1621
7618,0,1618
7619,0,1627
7620,0,1649
7621,0,1624
7622,0,1600
7623,0,1600
7624,0,1611
7625,0,1607
7626,0,1612
7627,0,1614
7628,0,1586
7629,0,1616
7630,0,1631
7631,0,1600
7632,0,1619
7633,0,1616
7634,0,1616
7635,0,1600
7636,0,1647
7637,0,1633
7638,0,1627
7639,0,1664
7640,0,1648
7641,0,1644
7642,0,1611
7643,0,1645
7644,0,1627
7645,0,1627
7646,0,1603
7647,0,1630
7648,0,1683
7649,0,1776
7650,11,2000
7651,362,2194
7652,848,2270
7653,1338,2439
7654,1716,2526
7655,1829,2621
7656,1921,2608
7657,2096,2735
7658,2198,2713
7659,2237,2763
7660,2285,2709
7661,2345,2790
7662,2406,2714
7663,2431,2766
7664,2441,2725
7665,2431,2771
7666,2437,2705
7667,2426,2720
7668,2414,2695
7669,2370,2689
7670,2406,2613
7671,2425,2716
7672,2438,2604
7673,2448,2638
7674,2448,2546
7675,2427,2554
7676,2415,2496
7677,2398,2514
7678,2393,2491
7679,2375,2499
7680,2379,2434
7681,2395,2473
7682,2384,2480
7683,2391,2569
7684,2397,2482
7685,2390,2540
7686,2384,2535
7687,2383,2546
7688,2397,2491
7689,2396,2521
7690,2410,2502
7691,2419,2438
7692,2439,2477
7693,2438,2463
7694,2450,2426
7695,2454,2453
7696,2442,2432
7697,2398,2464
7698,2381,2455
7699,2365,2439
7700,2370,2423
7701,2363,2415
7702,2353,2423
7703,2337,2412
7704,2339,2399
7705,2329,2391
7706,2331,2387
7707,2323,2368
7708,2293,2399
7709,2225,2416
7710,2173,2415
7711,2181,2366
7712,2166,2383
7713,2173,2341
7714,2162,2371
7715,2179,2373
7716,2183,2353
7717,2197,2366
7718,2195,2359
7719,2231,2352
7720,2234,2437
7721,2251,2385
7722,2270,2441
7723,2288,2452
7724,2349,2421
7725,2395,2352
7726,2435,2410
7727,2445,2299
7728,2455,2399
7729,2439,2362
7730,2448,2392
7731,2453,2381
7732,2459,2403
7733,2431,2342
7734,2423,2400
7735,2402,2341
7736,2322,2375
7737,2091,2341
7738,1687,2448
7739,1216,2384
7740,928,2465
7741,542,2414
7742,268,2450
7743,62,2370
7744,67,2372
7745,40,2279
7746,16,2275
7747,16,2206
7748,0,2208
7749,0,2162
7750,0,2223
7751,0,2144
7752,0,2146
7753,0,2109
7754,0,2146
7755,0,2060
7756,0,2060
7757,0,2016
7758,0,1975
7759,0,1952
7760,0,1972
7761,0,1927
7762,0,1963
7763,0,1940
7764,0,1963
7765,0,1945
7766,0,1968
7767,0,1981
7768,0,1942
7769,0,1897
7770,0,1890
7771,0,1835
7772,0,1813
7773,0,1789
7774,0,1825
7775,0,1811
7776,0,1838
7777,0,1834
7778,0,1867
7779,0,1858
7780,0,1844
7781,0,1870
7782,0,1873
7783,0,1865
7784,0,1875
7785,0,1910
7786,0,1950
7787,0,2006
7788,0,2045
7789,0,2127
7790,174,2140
7791,235,2250
7792,276,2263
7793,418,2304
7794,368,2306
7795,368,2361
7796,347,2331
7797,346,2390
7798,395,2382
7799,454,2417
7800,530,2391
7801,643,2463
7802,680,2419
7803,683,2460
7804,701,2416
7805,679,2448
7806,661,2429
7807,639,2447
7808,630,2384
7809,627,2449
7810,622,2407
7811,598,2439
7812,558,2368
7813,574,2432
7814,583,2375
7815,602,2392
7816,646,2391
7817,659,2437
7818,701,2400
7819,766,2483
7820,806,2439
7821,795,2493
7822,796,2470
7823,784,2535
7824,786,2486
7825,790,2576
7826,799,2537
7827,771,2584
7828,783,2525
7829,784,2567
7830,784,2511
7831,767,2543
7832,784,2507
7833,784,2537
7834,784,2471
7835,715,2503
7836,627,2492
7837,612,2545
7838,654,2524
7839,688,2581
7840,691,2575
7841,729,2608
7842,723,2573
7843,742,2604
7844,742,2612
7845,709,2627
7846,682,2637
7847,607,2659
7848,576,2640
7849,499,2642
7850,479,2655
7851,417,2655
7852,528,2674
7853,613,2663
7854,637,2662
7855,653,2646
7856,677,2658
7857,661,2643
7858,632,2673
7859,585,2672
7860,494,2690
7861,464,2663
7862,482,2683
7863,619,2658
7864,635,2669
7865,610,2649
7866,579,2682
7867,455,2666
7868,368,2687
7869,345,2636
7870,336,2686
7871,319,2626
7872,326,2656
7873,310,2591
7874,266,2617
7875,222,2586
7876,103,2603
7877,17,2509
7878,0,2477
7879,0,2402
7880,0,2384
7881,0,2317
7882,0,2305
7883,0,2243
7884,0,2250
7885,0,2162
7886,0,2118
7887,0,2055
7888,0,2029
7889,0,1945
7890,0,1937
7891,0,1880
7892,0,1888
7893,0,1830
7894,0,1810
7895,0,1782
7896,0,1796
7897,0,1781
7898,0,1818
7899,0,1815
7900,0,1840
7901,0,1827
7902,0,1864
7903,0,1836
7904,0,1884
7905,0,1901
7906,0,1961
7907,0,1967
7908,0,2067
7909,0,2073
7910,0,2094
7911,0,2096
7912,16,2204
7913,83,2187
7914,171,2245
7915,343,2321
7916,477,2432
7917,586,2462
7918,642,2541
7919,731,2576
7920,850,2609
7921,925,2657
7922,1002,2667
7923,1199,2687
7924,1241,2729
7925,1260,2733
7926,1280,2719
7927,1284,2704
7928,1283,2704
7929,1298,2726
7930,1273,2706
7931,1286,2730
7932,1278,2701
7933,1313,2710
7934,1313,2708
7935,1313,2720
7936,1313,2700
7937,1317,2702
7938,1327,2647
7939,1307,2678
7940,1313,2683
7941,1315,2704
7942,1311,2652
7943,1309,2721
7944,1369,2672
7945,1397,2700
7946,1415,2667
7947,1370,2711
7948,1347,2661
7949,1350,2706
7950,1360,2641
7951,1360,2679
7952,1377,2611
7953,1376,2679
7954,1382,2615
7955,1392,2662
7956,1402,2622
7957,1382,2683
7958,1387,2624
7959,1381,2657
7960,1369,2615
7961,1375,2679
7962,1375,2619
7963,1376,2695
7964,1346,2608
7965,1305,2667
7966,1282,2630
7967,1254,2703
7968,1196,2661
7969,1179,2690
7970,1149,2626
7971,1008,2701
7972,944,2640
7973,877,2665
7974,601,2611
7975,345,2685
7976,116,2576
7977,0,2551
7978,0,2443
7979,0,2387
7980,0,2266
7981,0,2263
7982,0,2130
7983,0,2086
7984,0,1987
7985,0,1985
7986,0,1917
7987,0,1923
7988,0,1872
7989,0,1867
7990,0,1822
7991,0,1835
7992,0,1776
7993,0,1779
7994,0,1751
7995,0,1745
7996,0,1701
7997,0,1723
7998,0,1713
7999,0,1744
8000,0,1753
8001,0,1790
8002,0,1805
8003,0,1863
8004,0,1881
8005,0,1903
8006,0,1931
8007,0,1933
8008,0,1953
8009,0,1971
8010,0,2000
8011,0,2015
8012,0,2042
8013,0,2071
8014,0,2116
8015,144,2144
8016,160,2187
8017,161,2193
8018,183,2256
8019,362,2275
8020,432,2385
8021,496,2416
8022,758,2477
8023,956,2471
8024,976,2525
8025,1097,2501
8026,1136,2591
8027,1178,2503
8028,1271,2592
8029,1303,2577
8030,1336,2640
8031,1402,2576
8032,1392,2635
8033,1361,2607
8034,1323,2661
8035,1316,2613
8036,1232,2653
8037,1200,2593
8038,1203,2647
8039,1217,2611
8040,1238,2665
8041,1239,2627
8042,1327,2670
8043,1333,2602
8044,1298,2654
8045,1230,2607
8046,1206,2655
8047,1215,2595
8048,1229,2684
8049,1292,2614
8050,1280,2706
8051,1411,2608
8052,1453,2685
8053,1488,2650
8054,1503,2713
8055,1473,2658
8056,1478,2670
8057,1488,2625
8058,1474,2691
8059,1476,2661
8060,1479,2702
8061,1493,2641
8062,1486,2679
8063,1587,2643
8064,1520,2682
8065,1527,2644
8066,1534,2714
8067,1550,2703
8068,1527,2661
8069,1515,2635
8070,1513,2669
8071,1488,2630
8072,1481,2623
8073,1408,2652
8074,1476,2689
8075,1503,2659
8076,1518,2672
8077,1520,2678
8078,1523,2661
8079,1518,2678
8080,1424,2688
8081,1279,2681
8082,1273,2677
8083,1215,2691
8084,1136,2640
8085,1126,2670
8086,1074,2655
8087,907,2697
8088,576,2650
8089,487,2667
8090,479,2652
8091,237,2641
8092,109,2589
8093,110,2559
8094,83,2502
8095,37,2498
8096,50,2451
8097,25,2467
8098,0,2417
8099,0,2413
8100,0,2261
8101,0,2211
8102,0,2126
8103,0,2057
8104,0,1968
8105,0,1949
8106,0,1870
8107,0,1826
8108,0,1787
8109,0,1805
8110,0,1776
8111,0,1844
8112,0,1843
8113,0,1908
8114,0,1936
8115,0,2013
8116,0,2003
8117,0,2075
8118,0,2046
8119,0,2064
8120,0,2021
8121,0,2103
8122,372,2158
8123,803,2320
8124,1071,2367
8125,1172,2478
8126,1296,2541
8127,1466,2609
8128,1555,2591
8129,1579,2675
8130,1647,2661
8131,1776,2704
8132,1744,2642
8133,1755,2705
8134,1803,2627
8135,1889,2635
8136,1937,2633
8137,2032,2661
8138,2167,2577
8139,2191,2623
8140,2189,2632
8141,2173,2624
8142,2213,2611
8143,2253,2743
8144,2319,2716
8145,2419,2723
8146,2520,2682
8147,2518,2666
8148,2480,2603
8149,2486,2572
8150,2519,2590
8151,2534,2538
8152,2554,2534
8153,2594,2499
8154,2672,2512
8155,2735,2544
8156,2721,2581
8157,2735,2640
8158,2766,2662
8159,2771,2653
8160,2791,2705
8161,2768,2654
8162,2752,2695
8163,2752,2658
8164,2827,2723
8165,2878,2675
8166,2891,2703
8167,2896,2660
8168,2894,2675
8169,2879,2663
8170,2878,2656
8171,2895,2599
8172,2910,2640
8173,2907,2675
8174,2955,2635
8175,2959,2665
8176,2971,2693
8177,2992,2640
8178,2999,2698
8179,3008,2651
8180,3005,2688
8181,3003,2645
8182,3023,2725
8183,3029,2705
8184,3038,2756
8185,3058,2723
8186,3027,2855
8187,3024,2823
8188,3011,2973
8189,3023,2884
8190,3039,2803
8191,3017,2665
8192,3003,2754
8193,3041,2608
8194,3061,2691
8195,3083,2671
8196,3095,2730
8197,3091,2864
8198,3093,2867
8199,3095,2909
8200,3089,2880
8201,3037,2682
8202,3024,2695
8203,2991,2576
8204,2992,2539
8205,2987,2430
8206,2986,2506
8207,2987,2557
8208,2983,2609
8209,2989,2550
8210,2985,2559
8211,2992,2596
8212,3012,2701
8213,3014,2609
8214,3017,2627
8215,3031,2574
8216,3044,2607
8217,3046,2548
8218,3053,2558
8219,3055,2550
8220,3046,2556
8221,3029,2541
8222,3029,2571
8223,3024,2597
8224,3024,2640
8225,3027,2582
8226,3021,2521
8227,3032,2483
8228,3023,2527
8229,3045,2593
8230,3055,2510
8231,3077,2559
8232,3056,2727
8233,3057,2672
8234,3061,2637
8235,3062,2640
8236,3063,2570
8237,3054,2597
8238,3040,2599
8239,3014,2543
8240,2975,2549
8241,2950,2491
8242,2928,2672
8243,2865,2641
8244,2789,2639
8245,2704,2702
8246,2619,2639
8247,2569,2686
8248,2401,2638
8249,2179,2663
8250,1904,2612
8251,1533,2646
8252,1050,2638
8253,752,2672
8254,517,2651
8255,363,2707
8256,279,2640
8257,142,2672
8258,69,2576
8259,0,2575
8260,0,2509
8261,0,2482
8262,34,2388
8263,0,2381
8264,0,2263
8265,0,2154
8266,0,1993
8267,0,1891
8268,0,1776
8269,0,1721
8270,0,1677
8271,0,1653
8272,0,1620
8273,0,1619
8274,0,1598
8275,0,1575
8276,0,1573
8277,0,1607
8278,0,1571
8279,0,1598
8280,0,1589
8281,0,1610
8282,0,1583
8283,0,1605
8284,0,1599
8285,0,1600
8286,0,1590
8287,0,1619
8288,0,1611
8289,0,1605
8290,0,1575
8291,0,1603
8292,0,1606
8293,0,1599
8294,0,1595
8295,0,1616
8296,0,1570
8297,0,1594
8298,0,1593
8299,0,1600
8300,0,1589
8301,0,1619
8302,0,1601
8303,0,1615
8304,0,1601
8305,0,1629
8306,0,1600
8307,0,1620
8308,0,1602
8309,0,1629
8310,0,1621
8311,0,1632
8312,0,1626
8313,0,1607
8314,0,1609
8315,0,1616
8316,0,1600
8317,0,1609
8318,0,1584
8319,0,1591
8320,0,1600
8321,0,1627
8322,0,1601
8323,0,1613
8324,0,1598
8325,0,1616
8326,0,1590
8327,0,1595
8328,0,1585
8329,0,1599
8330,0,1600
8331,0,1603
8332,0,1607
8333,0,1614
8334,0,1616
8335,0,1616
8336,0,1645
8337,0,1661
8338,0,1684
8339,0,1733
8340,108,1884
8341,300,2013
8342,450,2214
8343,1035,2253
8344,1194,2377
8345,1357,2382
8346,1552,2543
8347,1703,2579
8348,1835,2652
8349,2005,2624
8350,2061,2694
8351,2128,2640
8352,2217,2689
8353,2267,2624
8354,2297,2681
8355,2304,2631
8356,2331,2646
8357,2363,2607
8358,2421,2672
8359,2459,2607
8360,2469,2656
8361,2515,2687
8362,2595,2740
8363,2635,2658
8364,2694,2673
8365,2717,2594
8366,2747,2631
8367,2763,2608
8368,2767,2708
8369,2814,2655
8370,2848,2702
8371,2864,2665
8372,2875,2751
8373,2883,2646
8374,2895,2666
8375,2908,2615
8376,2910,2725
8377,2913,2705
8378,2906,2694
8379,2908,2678
8380,2890,2687
8381,2871,2683
8382,2819,2723
8383,2870,2639
8384,2885,2658
8385,2896,2646
8386,2896,2672
8387,2896,2594
8388,2895,2549
8389,2899,2501
8390,2896,2549
8391,2894,2559
8392,2897,2607
8393,2870,2594
8394,2871,2594
8395,2865,2549
8396,2865,2535
8397,2845,2587
8398,2843,2550
8399,2847,2559
8400,2859,2582
8401,2855,2591
8402,2857,2532
8403,2857,2557
8404,2833,2545
8405,2787,2593
8406,2736,2624
8407,2676,2658
8408,2675,2602
8409,2714,2654
8410,2743,2650
8411,2754,2638
8412,2764,2620
8413,2763,2689
8414,2747,2640
8415,2752,2725
8416,2758,2709
8417,2768,2779
8418,2770,2783
8419,2791,2835
8420,2812,2768
8421,2800,2842
8422,2774,2789
8423,2766,2869
8424,2770,2823
8425,2740,2935
8426,2715,2854
8427,2683,2915
8428,2673,2862
8429,2683,2922
8430,2715,2828
8431,2773,2893
8432,2806,2887
8433,2823,2998
8434,2839,3049
8435,2837,3175
8436,2832,3088
8437,2842,3237
8438,2831,3063
8439,2815,3103
8440,2791,2954
8441,2771,3010
8442,2675,2922
8443,2598,2987
8444,2352,2931
8445,2107,3011
8446,1979,2883
8447,1847,3013
8448,1680,2922
8449,1185,3051
8450,741,2941
8451,402,3008
8452,0,2954
8453,0,2992
8454,0,2845
8455,0,2857
8456,0,2759
8457,0,2653
8458,0,2406
8459,0,2330
8460,0,2176
8461,0,2119
8462,0,2022
8463,0,2026
8464,0,1931
8465,0,1904
8466,0,1885
8467,0,1884
8468,0,1839
8469,0,1845
8470,0,1824
8471,0,1830
8472,0,1834
8473,0,1827
8474,0,1797
8475,0,1813
8476,0,1805
8477,0,1803
8478,0,1765
8479,0,1781
8480,0,1741
8481,0,1635
8482,0,1555
8483,0,1551
8484,0,1542
8485,0,1587
8486,0,1781
8487,0,1889
8488,0,1939
8489,0,1961
8490,0,1991
8491,0,1975
8492,0,1988
8493,32,1955
8494,59,1997
8495,107,1963
8496,74,2005
8497,189,2033
8498,539,2175
8499,789,2186
8500,949,2245
8501,1056,2288
8502,1309,2340
8503,1459,2281
8504,1462,2333
8505,1462,2313
8506,1488,2365
8507,1554,2361
8508,1654,2368
8509,1722,2374
8510,1810,2377
8511,1951,2370
8512,2005,2366
8513,2070,2354
8514,2136,2338
8515,2192,2275
8516,2203,2279
8517,2217,2240
8518,2287,2260
8519,2405,2177
8520,2544,2256
8521,2585,2242
8522,2601,2351
8523,2645,2301
8524,2663,2369
8525,2705,2293
8526,2737,2349
8527,2757,2326
8528,2790,2439
8529,2801,2381
8530,2809,2415
8531,2832,2383
8532,2849,2511
8533,2886,2527
8534,2865,2449
8535,2853,2480
8536,2836,2480
8537,2858,2418
8538,2861,2343
8539,2836,2288
8540,2845,2239
8541,2841,2244
8542,2832,2272
8543,2834,2279
8544,2852,2351
8545,2858,2356
8546,2861,2331
8547,2851,2317
8548,2832,2374
8549,2799,2397
8550,2767,2323
8551,2721,2393
8552,2679,2407
8553,2669,2412
8554,2656,2432
8555,2656,2395
8556,2658,2354
8557,2661,2313
8558,2653,2358
8559,2652,2320
8560,2629,2302
8561,2618,2320
8562,2589,2282
8563,2608,2272
8564,2607,2239
8565,2620,2269
8566,2618,2223
8567,2602,2300
8568,2551,2230
8569,2501,2241
8570,2448,2243
8571,2395,2322
8572,2380,2448
8573,2352,2478
8574,2343,2423
8575,2337,2471
8576,2317,2479
8577,2263,2493
8578,2202,2423
8579,2047,2459
8580,1822,2425
8581,1280,2519
8582,896,2467
8583,151,2523
8584,0,2379
8585,0,2225
8586,0,2063
8587,0,1931
8588,0,1765
8589,0,1671
8590,0,1654
8591,0,1591
8592,0,1549
8593,0,1564
8594,0,1593
8595,0,1571
8596,0,1569
8597,0,1605
8598,0,1548
8599,0,1558
8600,0,1505
8601,0,1534
8602,0,1555
8603,0,1524
8604,0,1474
8605,0,1472
8606,0,1469
8607,0,1475
8608,0,1489
8609,0,1574
8610,0,1600
8611,0,1715
8612,0,1771
8613,0,1840
8614,0,1894
8615,48,2000
8616,78,2023
8617,209,2233
8618,756,2238
8619,863,2368
8620,1068,2345
8621,1291,2509
8622,1513,2480
8623,1717,2502
8624,1968,2465
8625,2042,2531
8626,2081,2463
8627,2118,2485
8628,2189,2479
8629,2313,2481
8630,2383,2469
8631,2435,2458
8632,2483,2459
8633,2509,2461
8634,2523,2497
8635,2547,2450
8636,2603,2459
8637,2641,2503
8638,2669,2519
8639,2682,2502
8640,2701,2594
8641,2703,2501
8642,2684,2486
8643,2691,2437
8644,2704,2421
8645,2678,2392
8646,2671,2412
8647,2688,2427
8648,2739,2401
8649,2768,2349
8650,2769,2362
8651,2769,2341
8652,2752,2365
8653,2739,2331
8654,2730,2363
8655,2726,2224
8656,2711,2358
8657,2736,2353
8658,2740,2384
8659,2748,2336
8660,2736,2358
8661,2726,2310
8662,2669,2378
8663,2655,2350
8664,2643,2384
8665,2634,2326
8666,2654,2419
8667,2665,2345
8668,2672,2450
8669,2685,2412
8670,2690,2421
8671,2695,2414
8672,2713,2434
8673,2717,2389
8674,2718,2452
8675,2709,2375
8676,2706,2438
8677,2665,2388
8678,2608,2435
8679,2551,2397
8680,2514,2475
8681,2354,2376
8682,2079,2458
8683,1689,2411
8684,1321,2434
8685,839,2405
8686,431,2469
8687,106,2420
8688,18,2439
8689,51,2355
8690,1,2314
8691,0,2194
8692,0,2151
8693,0,2036
8694,0,1974
8695,0,1825
8696,0,1750
8697,0,1648
8698,0,1601
8699,0,1567
8700,0,1547
8701,0,1499
8702,0,1505
8703,0,1460
8704,0,1456
8705,0,1429
8706,0,1462
8707,0,1454
8708,0,1443
8709,0,1408
8710,0,1417
8711,0,1423
8712,0,1392
8713,0,1403
8714,0,1434
8715,0,1426
8716,0,1435
8717,0,1503
8718,0,1568
8719,0,1610
8720,0,1633
8721,0,1641
8722,0,1651
8723,0,1741
8724,0,1802
8725,0,1938
8726,394,2000
8727,613,2106
8728,789,2221
8729,1023,2318
8730,1337,2363
8731,1437,2402
8732,1645,2416
8733,1718,2450
8734,1757,2430
8735,1831,2478
8736,1879,2405
8737,1997,2519
8738,2178,2482
8739,2269,2525
8740,2305,2467
8741,2367,2514
8742,2384,2491
8743,2431,2593
8744,2449,2523
8745,2453,2533
8746,2476,2435
8747,2492,2529
8748,2495,2471
8749,2525,2486
8750,2519,2410
8751,2492,2497
8752,2482,2483
8753,2473,2523
8754,2466,2461
8755,2480,2524
8756,2503,2501
8757,2503,2569
8758,2517,2538
8759,2541,2506
8760,2547,2415
8761,2538,2416
8762,2544,2365
8763,2553,2413
8764,2558,2394
8765,2557,2375
8766,2549,2342
8767,2543,2354
8768,2544,2352
8769,2486,2359
8770,2535,2224
8771,2547,2222
8772,2571,2209
8773,2576,2255
8774,2559,2235
8775,2529,2209
8776,2487,2305
8777,2463,2323
8778,2448,2223
8779,2368,2243
8780,2347,2189
8781,2322,2224
8782,2295,2256
8783,2282,2312
8784,2224,2244
8785,2192,2213
8786,2169,2221
8787,2035,2221
8788,1870,2269
8789,1747,2190
8790,1607,2159
8791,1501,2144
8792,1328,1999
8793,1121,1995
8794,1019,1985
8795,640,1954
8796,311,2054
8797,0,2074
8798,0,2010
8799,0,2031
8800,0,1998
8801,0,1948
8802,0,1874
8803,0,1895
8804,0,1838
8805,0,1815
8806,0,1872
8807,0,1818
8808,0,1843
8809,0,1806
8810,0,1738
8811,0,1687
8812,0,1650
8813,0,1645
8814,0,1599
8815,0,1605
8816,0,1585
8817,0,1535
8818,0,1584
8819,0,1566
8820,0,1663
8821,0,1729
8822,0,1693
8823,0,1649
8824,0,1643
8825,0,1535
8826,0,1669
8827,0,1687
8828,0,1627
8829,0,1601
8830,0,1588
8831,0,1535
8832,0,1571
8833,0,1559
8834,0,1567
8835,0,1562
8836,0,1637
8837,0,1638
8838,0,1613
8839,0,1563
8840,0,1598
8841,0,1618
8842,0,1685
8843,0,1606
8844,0,1529
8845,0,1602
8846,0,1601
8847,0,1533
8848,0,1574
8849,0,1598
8850,0,1722
8851,0,1648
8852,0,1599
8853,0,1552
8854,0,1563
8855,0,1474
8856,0,1493
8857,0,1569
8858,0,1605
8859,0,1563
8860,0,1511
8861,0,1530
8862,0,1522
8863,0,1535
8864,0,1488
8865,0,1481
8866,0,1515
8867,0,1461
8868,0,1493
8869,0,1467
8870,0,1527
8871,0,1558
8872,0,1520
8873,0,1581
8874,0,1522
8875,0,1551
8876,0,1603
8877,0,1583
8878,0,1522
8879,0,1639
8880,0,1647
8881,0,1668
8882,0,1611
8883,0,1633
8884,0,1549
8885,0,1568
8886,0,1571
8887,0,1534
8888,0,1549
8889,0,1535
8890,0,1553
8891,0,1514
8892,0,1574
8893,0,1631
8894,0,1584
8895,0,1588
8896,0,1680
8897,0,1618
8898,0,1632
8899,0,1519
8900,0,1493
8901,0,1472
8902,0,1520
8903,0,1546
8904,0,1472
8905,0,1436
8906,0,1470
8907,0,1578
8908,0,1610
8909,0,1627
8910,0,1631
8911,0,1641
8912,0,1616
8913,0,1604
8914,0,1777
8915,0,1643
8916,0,1565
8917,0,1635
8918,0,1558
8919,0,1575
8920,0,1520
8921,0,1534
8922,0,1583
8923,0,1499
8924,0,1440
8925,0,1395
8926,0,1345
8927,0,1345
8928,0,1335
8929,0,1360
8930,0,1353
8931,0,1430
8932,0,1445
8933,0,1473
8934,0,1429
8935,0,1440
8936,0,1427
8937,0,1457
8938,0,1483
8939,0,1515
8940,0,1495
8941,0,1551
8942,0,1553
8943,43,1614
8944,0,1716
8945,158,1821
8946,245,1812
8947,554,1891
8948,597,1993
8949,586,2112
8950,877,2087
8951,1189,2098
8952,1402,2082
8953,1824,2113
8954,2019,2128
8955,2139,2192
8956,2315,2169
8957,2368,2187
8958,2478,2163
8959,2557,2140
8960,2609,2139
8961,2642,2128
8962,2668,2213
8963,2704,2157
8964,2726,2183
8965,2736,2166
8966,2750,2182
8967,2772,2190
8968,2783,2134
8969,2791,2042
8970,2782,2082
8971,2767,2091
8972,2763,2000
8973,2737,2003
8974,2707,2018
8975,2699,2019
8976,2689,2043
8977,2655,2019
8978,2661,2003
8979,2646,2029
8980,2663,2075
8981,2704,2029
8982,2768,2062
8983,2822,2007
8984,2851,1927
8985,2859,1917
8986,2843,1879
8987,2857,1849
8988,2876,1890
8989,2882,1841
8990,2896,1783
8991,2906,1819
8992,2928,1708
8993,2924,1639
8994,2992,1681
8995,2907,1701
8996,2902,1734
8997,2899,1723
8998,2911,1707
8999,2926,1666
9000,2931,1779
9001,2933,1715
9002,2930,1682
9003,2881,1728
9004,2832,1781
9005,2769,1808
9006,2646,1742
9007,2512,1776
9008,2446,1739
9009,2350,1667
9010,2265,1697
9011,2009,1665
9012,1812,1823
9013,1761,1738
9014,1650,1742
9015,1424,1723
9016,1159,1719
9017,1058,1605
9018,833,1603
9019,644,1611
9020,289,1620
9021,16,1697
9022,0,1621
9023,0,1553
9024,0,1632
9025,0,1574
9026,0,1614
9027,0,1570
9028,0,1488
9029,0,1411
9030,0,1393
9031,0,1377
9032,0,1346
9033,0,1313
9034,0,1302
9035,0,1265
9036,0,1290
9037,0,1359
9038,0,1402
9039,0,1447
9040,0,1625
9041,0,1733
9042,0,1883
9043,0,1973
9044,0,2047
9045,0,2058
9046,0,2149
9047,0,2186
9048,0,2210
9049,0,2201
9050,0,2225
9051,0,2173
9052,0,2160
9053,0,2157
9054,0,2183
9055,0,2150
9056,0,2157
9057,0,2171
9058,0,2186
9059,0,2224
9060,0,2230
9061,0,2239
9062,0,2211
9063,0,2198
9064,0,2176
9065,0,2135
9066,0,2087
9067,0,2036
9068,0,2039
9069,0,2033
9070,0,2045
9071,0,2090
9072,0,2137
9073,0,2195
9074,0,2207
9075,0,2281
9076,0,2244
9077,0,2304
9078,0,2282
9079,0,2352
9080,0,2294
9081,0,2349
9082,0,2304
9083,0,2349
9084,0,2318
9085,0,2326
9086,224,2331
9087,656,2429
9088,1090,2437
9089,1607,2494
9090,1947,2384
9091,2162,2425
9092,2206,2375
9093,2217,2554
9094,2300,2619
9095,2391,2650
9096,2479,2607
9097,2582,2668
9098,2646,2543
9099,2701,2609
9100,2741,2585
9101,2752,2594
9102,2755,2533
9103,2754,2583
9104,2740,2455
9105,2736,2554
9106,2750,2471
9107,2768,2477
9108,2795,2384
9109,2805,2463
9110,2806,2418
9111,2834,2446
9112,2850,2423
9113,2834,2413
9114,2795,2354
9115,2769,2427
9116,2746,2373
9117,2752,2385
9118,2779,2363
9119,2810,2435
9120,2830,2369
9121,2830,2342
9122,2826,2323
9123,2755,2329
9124,2641,2304
9125,2656,2288
9126,2666,2367
9127,2678,2419
9128,2692,2368
9129,2720,2384
9130,2737,2406
9131,2737,2428
9132,2711,2375
9133,2704,2375
9134,2647,2311
9135,2590,2262
9136,2575,2282
9137,2581,2306
9138,2607,2298
9139,2620,2257
9140,2627,2289
9141,2643,2206
9142,2701,2124
9143,2739,2142
9144,2760,2110
9145,2759,2132
9146,2759,2156
9147,2771,2143
9148,2771,2167
9149,2774,2174
9150,2784,2129
9151,2764,2154
9152,2768,2115
9153,2765,2064
9154,2747,2129
9155,2711,2142
9156,2671,2140
9157,2467,2159
9158,2428,2201
9159,2432,2160
9160,2478,2181
9161,2525,2160
9162,2550,2139
9163,2569,2169
9164,2545,2181
9165,2514,2127
9166,2479,2193
9167,2411,2246
9168,2407,2268
9169,2432,2177
9170,2474,2160
9171,2538,2125
9172,2537,2138
9173,2523,2125
9174,2464,2149
9175,2406,2138
9176,2327,2130
9177,2135,2138
9178,1846,2192
9179,1567,2192
9180,1429,2351
9181,1183,2367
9182,880,2377
9183,368,2256
9184,9,2259
9185,0,2293
9186,0,2157
9187,0,2042
9188,0,2063
9189,0,2159
9190,0,2117
9191,0,2116
9192,0,2053
9193,0,2013
9194,0,1968
9195,0,1931
9196,0,1970
9197,0,1967
9198,0,1951
9199,0,1913
9200,0,2109
9201,0,2046
9202,0,2053
9203,0,2026
9204,0,2016
9205,0,2055
9206,0,2032
9207,0,2036
9208,0,2046
9209,0,2148
9210,0,2077
9211,0,2062
9212,0,2055
9213,0,2002
9214,0,2039
9215,0,1968
9216,0,2038
9217,0,1993
9218,0,2114
9219,0,1981
9220,0,2041
9221,0,2103
9222,0,2035
9223,0,1994
9224,0,2067
9225,0,1967
9226,0,2054
9227,0,2101
9228,0,2086
9229,0,2000
9230,0,1977
9231,0,1967
9232,0,2037
9233,0,1995
9234,0,2097
9235,0,2069
9236,0,2155
9237,0,2107
9238,0,2075
9239,0,2096
9240,0,2063
9241,0,2028
9242,0,2018
9243,0,2000
9244,0,2101
9245,0,2035
9246,0,2064
9247,0,2091
9248,0,2021
9249,0,1955
9250,0,1998
9251,0,1955
9252,0,1968
9253,0,2015
9254,0,1935
9255,0,1935
9256,0,1891
9257,0,1887
9258,0,1904
9259,0,1877
9260,0,1835
9261,0,1842
9262,0,1840
9263,0,1826
9264,0,1819
9265,0,1850
9266,0,1794
9267,0,1852
9268,0,1857
9269,0,1936
9270,0,1943
9271,0,2024
9272,0,2047
9273,0,2194
9274,0,2307
9275,0,2384
9276,0,2275
9277,0,2203
9278,0,2122
9279,0,2082
9280,0,2005
9281,0,2023
9282,0,1990
9283,0,2055
9284,0,2091
9285,0,2182
9286,0,2169
9287,0,2255
9288,0,2256
9289,0,2337
9290,0,2283
9291,0,2320
9292,0,2297
9293,0,2313
9294,0,2251
9295,0,2295
9296,0,2241
9297,0,2275
9298,0,2197
9299,0,2258
9300,0,2227
9301,0,2293
9302,550,2404
9303,1209,2475
9304,1557,2277
9305,1521,2320
9306,1686,2381
9307,1847,2503
9308,1974,2454
9309,2205,2448
9310,2391,2353
9311,2486,2374
9312,2559,2362
9313,2618,2342
9314,2683,2321
9315,2754,2391
9316,2807,2259
9317,2817,2309
9318,2814,2323
9319,2800,2298
9320,2815,2365
9321,2834,2480
9322,2873,2435
9323,2882,2421
9324,2895,2373
9325,2884,2351
9326,2851,2359
9327,2848,2329
9328,2872,2362
9329,2887,2403
9330,2897,2353
9331,2912,2374
9332,2910,2313
9333,2899,2325
9334,2906,2277
9335,2903,2250
9336,2899,2315
9337,2899,2295
9338,2919,2321
9339,2928,2330
9340,2931,2353
9341,2941,2311
9342,2941,2259
9343,2932,2279
9344,2960,2261
9345,2960,2317
9346,2946,2311
9347,2915,2277
9348,2877,2259
9349,2857,2224
9350,2864,2254
9351,2891,2202
9352,2921,2159
9353,2950,2128
9354,2981,2186
9355,2986,2111
9356,2983,2021
9357,2975,2054
9358,2953,2128
9359,2914,2067
9360,2877,2133
9361,2879,2149
9362,2886,2129
9363,2911,2140
9364,2923,2166
9365,2928,2160
9366,2891,2128
9367,2846,2139
9368,2758,2199
9369,2761,2138
9370,2773,2253
9371,2815,2196
9372,2841,2231
9373,2847,2182
9374,2850,2181
9375,2838,2122
9376,2809,2106
9377,2738,2021
9378,2531,2059
9379,2128,2045
9380,1607,2119
9381,1227,2064
9382,548,2109
9383,0,2124
9384,0,2161
9385,0,2226
9386,0,2426
9387,0,2421
9388,0,2432
9389,0,2317
9390,0,2192
9391,0,2032
9392,0,1993
9393,0,1901
9394,0,1862
9395,0,1794
9396,0,1794
9397,0,1761
9398,0,1776
9399,0,1755
9400,0,1807
9401,0,1776
9402,0,1808
9403,0,1771
9404,0,1792
9405,0,1783
9406,0,1808
9407,0,1808
9408,0,1840
9409,0,1792
9410,0,1824
9411,0,1790
9412,0,1807
9413,0,1769
9414,0,1831
9415,0,1805
9416,0,1814
9417,0,1789
9418,0,1805
9419,0,1762
9420,0,1809
9421,0,1790
9422,0,1794
9423,0,1777
9424,0,1808
9425,0,1782
9426,0,1824
9427,0,1822
9428,0,1870
9429,0,1833
9430,0,1922
9431,0,1985
9432,0,2112
9433,0,2138
9434,0,2236
9435,0,2244
9436,0,2350
9437,0,2371
9438,120,2406
9439,112,2416
9440,142,2468
9441,124,2493
9442,126,2493
9443,143,2490
9444,144,2500
9445,149,2538
9446,207,2559
9447,285,2541
9448,459,2501
9449,606,2544
9450,643,2544
9451,593,2575
9452,507,2545
9453,429,2551
9454,406,2530
9455,421,2550
9456,351,2521
9457,307,2542
9458,368,2537
9459,451,2539
9460,490,2525
9461,546,2552
9462,557,2543
9463,561,2595
9464,593,2576
9465,560,2606
9466,557,2603
9467,574,2639
9468,369,2602
9469,244,2635
9470,245,2639
9471,175,2652
9472,144,2608
9473,93,2639
9474,143,2583
9475,205,2641
9476,260,2579
9477,390,2620
9478,458,2593
9479,338,2627
9480,288,2590
9481,259,2634
9482,257,2573
9483,256,2627
9484,234,2589
9485,229,2627
9486,214,2581
9487,218,2608
9488,217,2559
9489,353,2609
9490,399,2578
9491,492,2617
9492,560,2578
9493,715,2624
9494,715,2570
9495,720,2640
9496,719,2592
9497,770,2624
9498,771,2581
9499,721,2654
9500,727,2582
9501,822,2629
9502,935,2610
9503,962,2638
9504,1057,2578
9505,1109,2640
9506,1132,2612
9507,1139,2681
9508,1151,2583
9509,1168,2640
9510,1163,2637
9511,1154,2657
9512,1174,2586
9513,1187,2654
9514,1207,2592
9515,1313,2631
9516,1344,2587
9517,1361,2673
9518,1287,2605
9519,1296,2640
9520,1375,2609
9521,1424,2611
9522,1403,2558
9523,1392,2639
9524,1389,2559
9525,1423,2642
9526,1300,2623
9527,1346,2649
9528,1409,2638
9529,1423,2674
9530,1387,2613
9531,1411,2653
9532,1429,2613
9533,1373,2639
9534,1349,2603
9535,1338,2639
9536,1245,2608
9537,1214,2642
9538,1214,2634
9539,1195,2661
9540,1138,2594
9541,1166,2655
9542,1227,2646
9543,1264,2646
9544,1152,2640
9545,1104,2705
9546,1136,2635
9547,1159,2657
9548,1159,2650
9549,1168,2634
9550,1230,2577
9551,1258,2624
9552,1293,2559
9553,1355,2571
9554,1397,2589
9555,1395,2628
9556,1413,2619
9557,1471,2641
9558,1517,2635
9559,1555,2623
9560,1557,2613
9561,1590,2610
9562,1618,2617
9563,1622,2640
9564,1611,2657
9565,1534,2671
9566,1555,2658
9567,1565,2647
9568,1571,2633
9569,1588,2629
9570,1617,2688
9571,1653,2703
9572,1699,2697
9573,1722,2688
9574,1664,2677
9575,1617,2619
9576,1619,2678
9577,1631,2640
9578,1730,2614
9579,1777,2615
9580,1890,2659
9581,1972,2628
9582,2002,2717
9583,2026,2659
9584,2018,2673
9585,2010,2591
9586,2005,2638
9587,2013,2624
9588,2000,2643
9589,2018,2622
9590,1993,2631
9591,2000,2587
9592,2073,2673
9593,2208,2681
9594,2278,2714
9595,2304,2674
9596,2400,2699
9597,2411,2637
9598,2354,2723
9599,2256,2701
9600,2095,2805
9601,1706,2726
9602,922,2787
9603,10,2705
9604,0,2711
9605,0,2595
9606,0,2544
9607,0,2314
9608,0,2210
9609,0,2071
9610,0,2021
9611,0,1957
9612,0,1954
9613,0,1905
9614,0,1891
9615,0,1847
9616,0,1909
9617,0,1878
9618,0,1921
9619,0,1897
9620,0,1923
9621,0,1887
9622,0,1899
9623,0,1872
9624,0,1904
9625,0,1859
9626,0,1894
9627,0,1872
9628,0,1920
9629,0,1883
9630,0,1910
9631,0,1875
9632,0,1907
9633,0,1899
9634,0,1902
9635,0,1871
9636,0,1918
9637,0,1890
9638,0,1929
9639,0,1915
9640,0,1934
9641,0,1911
9642,0,1940
9643,0,1923
9644,0,1991
9645,0,1951
9646,0,1957
9647,0,1938
9648,0,1983
9649,0,1955
9650,0,2019
9651,0,1987
9652,0,2020
9653,0,2003
9654,0,2006
9655,0,1968
9656,0,2000
9657,0,1955
9658,0,1982
9659,0,1927
9660,0,1937
9661,0,1895
9662,0,1916
9663,0,1879
9664,0,1901
9665,0,1915
9666,0,1937
9667,0,1943
9668,0,1995
9669,0,2005
9670,0,2021
9671,0,1991
9672,0,2053
9673,0,2031
9674,0,2019
9675,0,2054
9676,0,2097
9677,0,2064
9678,0,2079
9679,0,2099
9680,0,2083
9681,0,2096
9682,0,2151
9683,0,2128
9684,0,2136
9685,0,2190
9686,0,2198
9687,0,2194
9688,176,2239
9689,387,2325
9690,705,2364
9691,918,2391
9692,1083,2413
9693,1200,2468
9694,1289,2429
9695,1550,2461
9696,1714,2487
9697,1810,2513
9698,1855,2439
9699,1857,2426
9700,1982,2433
9701,2093,2592
9702,2193,2572
9703,2317,2558
9704,2415,2573
9705,2477,2528
9706,2532,2551
9707,2619,2577
9708,2671,2480
9709,2704,2431
9710,2747,2301
9711,2777,2365
9712,2795,2343
9713,2811,2343
9714,2823,2435
9715,2853,2413
9716,2864,2349
9717,2875,2355
9718,2896,2356
9719,2923,2411
9720,2926,2329
9721,2934,2374
9722,2945,2287
9723,2976,2308
9724,2977,2277
9725,2991,2305
9726,2997,2250
9727,2999,2282
9728,3013,2238
9729,3041,2254
9730,3045,2170
9731,3056,2265
9732,3056,2190
9733,3092,2299
9734,3090,2174
9735,3108,2345
9736,3101,2235
9737,3135,2289
9738,3146,2245
9739,3143,2288
9740,3141,2288
9741,3136,2254
9742,3137,2263
9743,3151,2401
9744,3153,2301
9745,3152,2256
9746,3152,2299
9747,3152,2237
9748,3157,2141
9749,3170,2107
9750,3170,2044
9751,3169,2175
9752,3162,2142
9753,3169,2169
9754,3162,2087
9755,3155,2138
9756,3167,2064
9757,3158,2103
9758,3153,2018
9759,3153,2141
9760,3145,2075
9761,3147,2053
9762,3136,2134
9763,3134,2134
9764,3122,2254
9765,3131,2195
9766,3120,2062
9767,3120,2027
9768,3109,1963
9769,3107,2105
9770,3087,2081
9771,3055,2288
9772,2974,2373
9773,2988,2660
9774,2999,2635
9775,3021,2619
9776,3031,2559
9777,3033,2497
9778,3045,2448
9779,3052,2388
9780,3049,2401
9781,3044,2365
9782,3050,2418
9783,3045,2660
9784,3039,2659
9785,3034,2585
9786,3024,2490
9787,3024,2396
9788,3020,2319
9789,2993,2399
9790,2963,2430
9791,2956,2413
9792,2948,2335
9793,2915,2265
9794,2873,2337
9795,2806,2346
9796,2731,2250
9797,2641,2273
9798,2523,2311
9799,2323,2354
9800,2213,2288
9801,2035,2290
9802,1872,2274
9803,1704,2298
9804,1553,2255
9805,1258,2309
9806,944,2275
9807,640,2291
9808,400,2273
9809,336,2258
9810,285,2270
9811,195,2316
9812,0,2277
9813,0,2301
9814,0,2263
9815,0,2244
9816,0,2238
9817,0,2256
9818,0,2265
9819,0,2270
9820,0,2243
9821,0,2256
9822,0,2223
9823,0,2224
9824,0,2224
9825,0,2224
9826,0,2211
9827,0,2208
9828,0,2206
9829,0,2176
9830,0,2187
9831,0,2181
9832,0,2165
9833,0,2171
9834,0,2166
9835,0,2159
9836,0,2179
9837,0,2159
9838,0,2170
9839,0,2164
9840,0,2153
9841,0,2154
9842,0,2169
9843,0,2177
9844,0,2209
9845,0,2229
9846,0,2303
9847,0,2368
9848,38,2384
9849,625,2416
9850,1070,2499
9851,1202,2495
9852,1373,2557
9853,1615,2579
9854,1753,2625
9855,1818,2627
9856,1931,2706
9857,2023,2650
9858,2087,2736
9859,2170,2695
9860,2255,2702
9861,2322,2658
9862,2362,2659
9863,2366,2663
9864,2387,2673
9865,2415,2621
9866,2455,2647
9867,2485,2556
9868,2539,2594
9869,2577,2487
9870,2590,2496
9871,2596,2405
9872,2587,2387
9873,2549,2349
9874,2546,2352
9875,2531,2279
9876,2533,2227
9877,2523,2148
9878,2535,2217
9879,2555,2158
9880,2570,2135
9881,2579,2096
9882,2594,2127
9883,2614,2117
9884,2617,2080
9885,2617,2047
9886,2618,2131
9887,2590,2086
9888,2624,2130
9889,2624,2135
9890,2621,2149
9891,2618,2125
9892,2617,2179
9893,2618,2180
9894,2626,2219
9895,2640,2182
9896,2653,2206
9897,2647,2161
9898,2658,2211
9899,2662,2189
9900,2651,2190
9901,2651,2171
9902,2640,2172
9903,2637,2121
9904,2640,2197
9905,2645,2192
9906,2651,2291
9907,2662,2247
9908,2659,2312
9909,2687,2282
9910,2715,2318
9911,2721,2222
9912,2745,2196
9913,2735,2150
9914,2759,2154
9915,2746,2163
9916,2739,2175
9917,2741,2128
9918,2736,2087
9919,2737,2046
9920,2741,2062
9921,2736,1968
9922,2736,2005
9923,2719,1989
9924,2731,2060
9925,2751,1968
9926,2759,2018
9927,2759,1996
9928,2768,1983
9929,2770,2021
9930,2771,2057
9931,2775,2000
9932,2793,1926
9933,2796,1854
9934,2810,1985
9935,2805,1956
9936,2808,1974
9937,2817,1971
9938,2803,2138
9939,2795,2090
9940,2789,2278
9941,2759,2140
9942,2719,2139
9943,2705,2149
9944,2704,2107
9945,2726,2055
9946,2759,2005
9947,2787,2112
9948,2800,2126
9949,2821,2035
9950,2826,2055
9951,2831,2064
9952,2832,1938
9953,2846,2000
9954,2818,2060
9955,2807,2034
9956,2802,2057
9957,2805,2114
9958,2790,2176
9959,2816,2186
9960,2786,2201
9961,2843,2169
9962,2854,2166
9963,2885,2141
9964,2880,2164
9965,2855,2130
9966,2837,2113
9967,2843,2137
9968,2826,2066
9969,2823,2167
9970,2831,2183
9971,2832,2189
9972,2832,2217
9973,2823,2143
9974,2829,2118
9975,2832,2128
9976,2849,2133
9977,2867,2106
9978,2867,2098
9979,2842,2125
9980,2800,2096
9981,2758,2090
9982,2675,2088
9983,2581,2174
9984,2415,2117
9985,2197,2096
9986,1839,2069
9987,1378,2080
9988,752,2064
9989,64,2096
9990,0,2080
9991,0,2101
9992,0,2090
9993,0,2037
9994,0,1977
9995,0,1950
9996,0,1904
9997,0,1911
9998,0,1834
9999,0,1854
10000,0,1793
10001,0,1767
10002,0,1697
10003,0,1645
10004,0,1583
10005,0,1567
10006,0,1516
10007,0,1511
10008,0,1488
10009,0,1492
10010,0,1491
10011,0,1520
10012,0,1524
10013,0,1595
10014,0,1631
10015,0,1665
10016,0,1657
10017,0,1713
10018,0,1705
10019,0,1767
10020,0,1808
10021,0,1903
10022,272,1895
10023,671,2033
10024,1232,2044
10025,1489,2095
10026,1617,2149
10027,1714,2183
10028,1797,2123
10029,1905,2153
10030,1987,2157
10031,2150,2173
10032,2192,2125
10033,2214,2122
10034,2255,2113
10035,2310,2112
10036,2357,2111
10037,2321,2147
10038,2304,2123
10039,2347,2121
10040,2389,2123
10041,2459,2097
10042,2523,2015
10043,2550,2160
10044,2575,2094
10045,2608,2143
10046,2662,2096
10047,2675,2160
10048,2709,2074
10049,2722,2137
10050,2738,2160
10051,2765,2138
10052,2771,2017
10053,2786,2032
10054,2789,2064
10055,2779,2130
10056,2786,2090
10057,2793,2160
10058,2800,2080
10059,2800,2106
10060,2779,2046
10061,2785,2037
10062,2799,2013
10063,2801,2027
10064,2812,1953
10065,2818,1990
10066,2807,1970
10067,2814,2019
10068,2818,1991
10069,2817,1985
10070,2815,1978
10071,2812,1990
10072,2807,1991
10073,2806,2009
10074,2809,1917
10075,2809,2018
10076,2791,1986
10077,2794,2083
10078,2798,2032
10079,2807,2128
10080,2807,2061
10081,2803,2061
10082,2791,1995
10083,2803,2069
10084,2826,2063
10085,2832,2077
10086,2835,2005
10087,2838,2133
10088,2857,2020
10089,2870,2046
10090,2867,2087
10091,2880,2125
10092,2893,2091
10093,2906,2086
10094,2906,2001
10095,2910,2034
10096,2909,1982
10097,2907,1995
10098,2909,1909
10099,2905,2021
10100,2909,2007
10101,2913,2011
10102,2922,2054
10103,2928,2067
10104,2938,1984
10105,2939,1989
10106,2946,2041
10107,2943,2069
10108,2931,2043
10109,2931,2009
10110,2928,2022
10111,2923,2004
10112,2914,2029
10113,2921,2034
10114,2909,2070
10115,2885,2086
10116,2896,2099
10117,2911,1968
10118,2927,2066
10119,2928,2054
10120,2944,2082
10121,2940,2066
10122,2938,2005
10123,2930,1997
10124,2938,1955
10125,2937,1982
10126,2949,1891
10127,2953,1855
10128,2963,1923
10129,2960,2000
10130,2961,1987
10131,2972,2099
10132,2970,1979
10133,2973,2135
10134,2963,2112
10135,2965,2029
10136,2963,1943
10137,2955,1952
10138,2939,1983
10139,2939,1949
10140,2929,1935
10141,2918,1971
10142,2893,1942
10143,2879,1936
10144,2823,1895
10145,2752,1914
10146,2537,1955
10147,2279,2033
10148,2174,2128
10149,2160,2182
10150,2128,2069
10151,2077,2015
10152,2022,1936
10153,1934,1892
10154,1864,2025
10155,1712,2033
10156,1434,2022
10157,1226,1890
10158,834,1905
10159,483,1909
10160,177,1898
10161,0,1863
10162,0,1824
10163,0,1762
10164,0,1695
10165,0,1664
10166,0,1597
10167,0,1567
10168,0,1565
10169,0,1552
10170,0,1520
10171,0,1501
10172,0,1513
10173,0,1520
10174,0,1531
10175,0,1531
10176,0,1535
10177,0,1527
10178,0,1521
10179,0,1523
10180,0,1551
10181,0,1569
10182,0,1619
10183,0,1634
10184,0,1695
10185,0,1680
10186,0,1717
10187,0,1698
10188,0,1733
10189,0,1714
10190,0,1728
10191,0,1715
10192,0,1680
10193,0,1619
10194,0,1592
10195,0,1535
10196,0,1511
10197,0,1477
10198,0,1457
10199,0,1417
10200,0,1409
10201,0,1399
10202,0,1415
10203,0,1439
10204,0,1485
10205,0,1506
10206,0,1552
10207,0,1549
10208,0,1601
10209,0,1600
10210,0,1606
10211,0,1600
10212,0,1609
10213,0,1603
10214,0,1615
10215,0,1591
10216,0,1619
10217,0,1594
10218,0,1615
10219,0,1600
10220,0,1634
10221,0,1611
10222,0,1639
10223,0,1648
10224,0,1664
10225,0,1648
10226,0,1697
10227,0,1679
10228,0,1711
10229,0,1680
10230,0,1690
10231,12,1713
10232,224,1803
10233,610,1892
10234,996,1877
10235,1114,1862
10236,1277,1890
10237,1535,1877
10238,1739,1873
10239,1867,1856
10240,1946,1904
10241,2021,1923
10242,2109,1962
10243,2235,2012
10244,2326,2017
10245,2387,2015
10246,2416,1993
10247,2448,2002
10248,2465,1968
10249,2494,1888
10250,2512,1861
10251,2530,2016
10252,2559,2022
10253,2612,2100
10254,2642,2024
10255,2670,1933
10256,2671,1945
10257,2675,1936
10258,2706,1942
10259,2714,1897
10260,2730,1894
10261,2734,1917
10262,2741,1906
10263,2722,1859
10264,2707,1844
10265,2672,1818
10266,2601,1857
10267,2487,1838
10268,2334,1815
10269,2369,1825
10270,2459,1858
10271,2541,1815
10272,2610,1936
10273,2613,1879
10274,2624,1865
10275,2619,1919
10276,2628,2022
10277,2640,2067
10278,2658,2029
10279,2695,1959
10280,2725,1933
10281,2741,1957
10282,2770,1913
10283,2831,1830
10284,2870,1917
10285,2880,1815
10286,2886,1840
10287,2893,1862
10288,2882,1930
10289,2875,1827
10290,2871,1938
10291,2865,2002
10292,2832,1916
10293,2813,1854
10294,2805,1935
10295,2786,1991
10296,2704,2032
10297,2713,2111
10298,2736,2042
10299,2775,2163
10300,2833,2002
10301,2901,2006
10302,2951,1969
10303,2945,1948
10304,2947,2032
10305,2949,2055
10306,2935,2102
10307,2925,2059
10308,2896,2034
10309,2873,2064
10310,2871,1965
10311,2841,2061
10312,2786,2165
10313,2750,2379
10314,2749,2271
10315,2766,2235
10316,2770,2147
10317,2769,2103
10318,2735,2169
10319,2685,1967
10320,2662,1981
10321,2655,2072
10322,2674,2005
10323,2697,1888
10324,2714,1797
10325,2675,1875
10326,2624,1775
10327,2554,1627
10328,2427,1742
10329,2288,1738
10330,1963,1636
10331,1370,1597
10332,583,1562
10333,138,1571
10334,3,1555
10335,0,1535
10336,0,1534
10337,0,1515
10338,0,1501
10339,0,1552
10340,0,1548
10341,0,1535
10342,0,1506
10343,0,1535
10344,0,1574
10345,0,1597
10346,0,1602
10347,0,1650
10348,0,1669
10349,0,1681
10350,0,1648
10351,0,1680
10352,0,1699
10353,0,1752
10354,0,1735
10355,0,1775
10356,109,1773
10357,722,1801
10358,1057,1803
10359,1423,1854
10360,1658,1881
10361,1729,1911
10362,1742,1909
10363,1728,1913
10364,1787,1877
10365,1838,1942
10366,1911,1904
10367,1949,1923
10368,1962,1913
10369,1966,1921
10370,1943,1952
10371,2010,1983
10372,2080,2025
10373,2128,2000
10374,2170,1947
10375,2192,1905
10376,2201,1891
10377,2194,1927
10378,2189,1902
10379,2192,1904
10380,2219,1898
10381,2234,1865
10382,2261,1839
10383,2271,1836
10384,2283,1771
10385,2288,1835
10386,2305,1799
10387,2320,1793
10388,2317,1741
10389,2319,1726
10390,2320,1733
10391,2317,1710
10392,2322,1705
10393,2323,1756
10394,2352,1699
10395,2389,1700
10396,2375,1725
10397,2387,1720
10398,2425,1759
10399,2449,1742
10400,2465,1718
10401,2471,1718
10402,2479,1721
10403,2481,1767
10404,2495,1843
10405,2512,1825
10406,2533,1751
10407,2544,1819
10408,2524,1802
10409,2585,1766
10410,2618,1746
10411,2622,1734
10412,2633,1745
10413,2673,1721
10414,2709,1761
10415,2734,1762
10416,2754,1730
10417,2779,1710
10418,2786,1713
10419,2800,1834
10420,2813,1766
10421,2827,1807
10422,2828,1826
10423,2827,1858
10424,2800,1885
10425,2779,1847
10426,2794,1755
10427,2827,1744
10428,2848,1786
10429,2863,1809
10430,2882,1797
10431,2909,1852
10432,2918,1757
10433,2928,1776
10434,2933,1831
10435,2938,1776
10436,2935,1687
10437,2948,1785
10438,2951,1746
10439,2975,1682
10440,2977,1733
10441,2974,1855
10442,2987,1814
10443,2987,1827
10444,2987,1762
10445,2979,1858
10446,2971,1779
10447,2970,1756
10448,2955,1776
10449,2953,1776
10450,2954,1745
10451,2947,1849
10452,2934,1776
10453,2899,1774
10454,2941,1695
10455,2928,1674
10456,2933,1728
10457,2945,1791
10458,2946,1805
10459,2945,1767
10460,2950,1685
10461,2945,1793
10462,2956,1765
10463,2960,1808
10464,2959,1779
10465,2960,1793
10466,2958,1783
10467,2958,1819
10468,2954,1799
10469,2958,1684
10470,2951,1870
10471,2960,1723
10472,2970,1739
10473,2965,1749
10474,2966,1745
10475,2975,1746
10476,2981,1712
10477,2979,1745
10478,2985,1917
10479,2998,1865
10480,2992,1865
10481,2987,1808
10482,2990,1824
10483,2993,1785
10484,2993,1794
10485,2992,1829
10486,2986,1723
10487,2977,1701
10488,2963,1617
10489,2919,1620
10490,2877,1616
10491,2781,1602
10492,2588,1581
10493,2331,1586
10494,2066,1596
10495,1507,1605
10496,1271,1579
10497,1072,1599
10498,887,1579
10499,459,1585
10500,424,1570
10501,462,1623
10502,106,1616
10503,0,1618
10504,0,1616
10505,0,1631
10506,0,1616
10507,0,1629
10508,0,1607
10509,0,1599
10510,0,1569
10511,0,1533
10512,0,1474
10513,0,1439
10514,0,1375
10515,0,1334
10516,0,1309
10517,0,1280
10518,0,1269
10519,0,1258
10520,0,1248
10521,0,1261
10522,0,1278
10523,0,1270
10524,0,1271
10525,0,1281
10526,0,1277
10527,0,1287
10528,0,1280
10529,0,1294
10530,0,1293
10531,0,1296
10532,0,1328
10533,0,1375
10534,0,1446
10535,0,1488
10536,0,1518
10537,0,1575
10538,0,1643
10539,325,1691
10540,619,1739
10541,925,1810
10542,1216,1855
10543,1511,1893
10544,1723,1904
10545,1859,1904
10546,1891,1921
10547,1934,1921
10548,2054,1904
10549,2266,1873
10550,2389,1858
10551,2489,1847
10552,2538,1925
10553,2582,1964
10554,2609,1884
10555,2638,1858
10556,2662,1763
10557,2697,1865
10558,2727,1857
10559,2775,1803
10560,2789,1794
10561,2800,1769
10562,2801,1821
10563,2800,1810
10564,2799,1758
10565,2788,1727
10566,2788,1698
10567,2799,1712
10568,2796,1771
10569,2800,1775
10570,2814,1753
10571,2821,1767
10572,2829,1687
10573,2836,1683
10574,2833,1641
10575,2830,1775
10576,2835,1665
10577,2828,1717
10578,2830,1746
10579,2821,1717
10580,2820,1677
10581,2807,1805
10582,2808,1726
10583,2800,1751
10584,2805,1849
10585,2805,1882
10586,2811,1977
10587,2782,1901
10588,2822,1823
10589,2833,1837
10590,2844,1869
10591,2853,1774
10592,2854,1808
10593,2859,1815
10594,2864,1792
10595,2869,1789
10596,2864,1750
10597,2868,1709
10598,2869,1726
10599,2878,1730
10600,2878,1728
10601,2869,1760
10602,2879,1734
10603,2881,1727
10604,2880,1663
10605,2875,1790
10606,2881,1754
10607,2880,1744
10608,2885,1750
10609,2870,1834
10610,2885,1819
10611,2866,1781
10612,2861,1795
10613,2864,1791
10614,2865,1822
10615,2859,1728
10616,2867,1722
10617,2864,1779
10618,2875,1769
10619,2884,1789
10620,2884,1827
10621,2883,1907
10622,2896,1840
10623,2896,1825
10624,2897,1840
10625,2893,1807
10626,2891,1793
10627,2896,1770
10628,2907,1810
10629,2908,1852
10630,2906,1803
10631,2900,1750
10632,2903,1760
10633,2895,1699
10634,2847,1758
10635,2896,1731
10636,2876,1690
10637,2863,1662
10638,2850,1726
10639,2818,1712
10640,2755,1681
10641,2640,1705
10642,2601,1674
10643,2540,1687
10644,2433,1664
10645,2331,1664
10646,2129,1655
10647,1911,1661
10648,1634,1667
10649,1413,1680
10650,1184,1663
10651,899,1670
10652,599,1680
10653,271,1671
10654,63,1683
10655,0,1695
10656,0,1687
10657,0,1687
10658,0,1664
10659,0,1644
10660,0,1654
10661,0,1644
10662,0,1648
10663,0,1619
10664,0,1630
10665,0,1603
10666,0,1636
10667,0,1601
10668,0,1610
10669,0,1604
10670,0,1625
10671,0,1600
10672,0,1605
10673,0,1575
10674,0,1593
10675,0,1573
10676,0,1579
10677,0,1586
10678,0,1616
10679,0,1589
10680,0,1607
10681,0,1606
10682,0,1616
10683,0,1613
10684,0,1622
10685,0,1609
10686,0,1632
10687,0,1648
10688,260,1715
10689,861,1760
10690,1247,1750
10691,1555,1765
10692,1658,1776
10693,1900,1707
10694,2030,1762
10695,2134,1790
10696,2265,1729
10697,2352,1730
10698,2469,1727
10699,2530,1741
10700,2583,1813
10701,2616,1840
10702,2692,1846
10703,2731,1840
10704,2758,1843
10705,2767,1774
10706,2784,1745
10707,2800,1778
10708,2791,1846
10709,2800,1921
10710,2807,1851
10711,2821,1827
10712,2827,1855
10713,2845,1901
10714,2832,1878
10715,2864,1887
10716,2868,1951
10717,2866,1895
10718,2871,1927
10719,2865,1914
10720,2874,1885
10721,2879,1871
10722,2882,1935
10723,2877,1904
10724,2881,1854
10725,2870,1843
10726,2864,1959
10727,2864,1914
10728,2880,1886
10729,2881,1810
10730,2893,1789
10731,2891,1815
10732,2912,1775
10733,2897,1659
10734,2909,1919
10735,2919,1811
10736,2911,1877
10737,2901,1789
10738,2926,1841
10739,2929,1713
10740,2929,1872
10741,2922,1770
10742,2928,1855
10743,2914,1819
10744,2908,1867
10745,2900,1835
10746,2881,1899
10747,2846,1813
10748,2801,1853
10749,2671,1747
10750,2443,1776
10751,2244,1904
10752,1986,1882
10753,1722,1744
10754,1507,1727
10755,1499,1790
10756,1524,1772
10757,1724,1666
10758,1845,1626
10759,2042,1683
10760,2189,1629
10761,2270,1682
10762,2333,1674
10763,2464,1747
10764,2574,1719
10765,2586,1616
10766,2651,1681
10767,2653,1693
10768,2704,1635
10769,2702,1725
10770,2817,1712
10771,2854,1743
10772,2886,1682
10773,2900,1643
10774,2917,1705
10775,2931,1787
10776,2934,1706
10777,2955,1728
10778,2961,1680
10779,2965,1658
10780,2965,1654
10781,2970,1706
10782,2977,1692
10783,2983,1723
10784,2984,1732
10785,2976,1665
10786,2993,1801
10787,2989,1667
10788,2992,1841
10789,2987,1777
10790,2994,2025
10791,2997,2055
10792,2992,1902
10793,2992,1853
10794,2994,1971
10795,2987,1873
10796,2986,1841
10797,2978,1798
10798,2960,1840
10799,2960,1906
10800,2949,1914
10801,2965,1885
10802,2965,1843
10803,2967,1834
10804,2963,1850
10805,2961,1753
10806,2978,1841
10807,2969,1797
10808,2949,1759
10809,2943,1713
10810,2941,1770
10811,2939,1765
10812,2895,1710
10813,2834,1703
10814,2767,1619
10815,2665,1601
10816,2467,1712
10817,2063,1639
10818,1667,1625
10819,1359,1659
10820,1168,1713
10821,1001,1679
10822,679,1796
10823,414,1958
10824,171,1984
10825,86,1949
10826,30,1954
10827,0,1933
10828,0,1975
10829,0,1923
10830,0,1891
10831,0,1765
10832,0,1676
10833,0,1563
10834,0,1488
10835,0,1434
10836,0,1424
10837,0,1392
10838,0,1367
10839,0,1378
10840,0,1381
10841,0,1369
10842,0,1392
10843,0,1386
10844,0,1381
10845,0,1378
10846,0,1392
10847,0,1402
10848,0,1409
10849,0,1417
10850,0,1457
10851,0,1471
10852,0,1475
10853,0,1516
10854,0,1830
10855,0,1952
10856,0,2000
10857,0,1964
10858,715,2080
10859,1151,2032
10860,1463,2019
10861,1831,2004
10862,2219,2012
10863,2405,2021
10864,2463,2140
10865,2491,2138
10866,2512,2149
10867,2589,2095
10868,2652,2182
10869,2693,2143
10870,2757,2128
10871,2794,2211
10872,2832,2213
10873,2870,2117
10874,2897,2121
10875,2912,2129
10876,2929,2186
10877,2944,2131
10878,2964,2174
10879,2963,2096
10880,2989,2120
10881,2997,2089
10882,3004,2087
10883,3006,2143
10884,3008,2087
10885,3001,2123
10886,2991,2096
10887,2981,1962
10888,2972,1984
10889,2974,1907
10890,2977,1914
10891,2991,1874
10892,3002,1885
10893,3014,1840
10894,3023,1872
10895,3037,1863
10896,3051,1875
10897,3054,1833
10898,3065,1865
10899,3070,1919
10900,3066,1949
10901,3061,1968
10902,3057,1974
10903,3067,1966
10904,3083,1936
10905,3065,1901
10906,3077,1921
10907,3059,1887
10908,3063,1889
10909,3071,1845
10910,3071,1873
10911,3082,1954
10912,3081,1927
10913,3065,1919
10914,3087,1809
10915,3085,1812
10916,3088,1845
10917,3088,1843
10918,3086,1858
10919,3088,1990
10920,3083,1958
10921,3083,1897
10922,3092,1936
10923,3088,1873
10924,3088,1859
10925,3089,1841
10926,3097,1719
10927,3093,1881
10928,3088,1861
10929,3091,1865
10930,3094,1963
10931,3101,1906
10932,3106,1940
10933,3104,1885
10934,3117,1803
10935,3109,1745
10936,3112,1738
10937,3099,1742
10938,3097,1745
10939,3099,1788
10940,3094,1813
10941,3105,1793
10942,3102,1762
10943,3089,1791
10944,3086,1776
10945,3061,1776
10946,3040,1801
10947,2977,1750
10948,2870,1738
10949,2719,1732
10950,2559,1706
10951,2338,1731
10952,1929,1802
10953,1634,1803
10954,1319,1863
10955,1123,1936
10956,938,1981
10957,511,2015
10958,190,2038
10959,0,2059
10960,0,2022
10961,0,1983
10962,0,1953
10963,0,1894
10964,0,1843
10965,0,1792
10966,0,1722
10967,0,1667
10968,0,1596
10969,0,1535
10970,0,1476
10971,0,1445
10972,0,1455
10973,0,1423
10974,0,1438
10975,0,1440
10976,0,1445
10977,0,1435
10978,0,1455
10979,0,1435
10980,0,1440
10981,0,1424
10982,0,1456
10983,0,1441
10984,0,1430
10985,0,1411
10986,0,1399
10987,0,1418
10988,0,1423
10989,0,1425
10990,0,1410
10991,0,1424
10992,0,1410
10993,0,1415
10994,0,1420
10995,0,1405
10996,0,1429
10997,0,1424
10998,0,1422
10999,0,1433
11000,0,1435
11001,0,1465
11002,0,1493
11003,0,1519
11004,0,1535
11005,0,1568
11006,0,1585
11007,0,1611
11008,0,1617
11009,0,1644
11010,0,1669
11011,0,1681
11012,0,1664
11013,0,1691
11014,0,1725
11015,0,1764
11016,0,1771
11017,0,1808
11018,0,1847
11019,0,1872
11020,45,1860
11021,101,1883
11022,144,1899
11023,190,1883
11024,256,1875
11025,315,1891
11026,354,1875
11027,384,1890
11028,398,1877
11029,517,1883
11030,631,1883
11031,704,1911
11032,706,1917
11033,682,1958
11034,684,1975
11035,668,2005
11036,672,1996
11037,679,2003
11038,674,1987
11039,654,2005
11040,705,1984
11041,708,2003
11042,733,1981
11043,777,1987
11044,783,1994
11045,837,2016
11046,897,1981
11047,1008,2027
11048,1163,2047
11049,1269,2032
11050,1424,2015
11051,1519,2080
11052,1596,2065
11053,1600,2096
11054,1648,2063
11055,1667,2066
11056,1759,2004
11057,1831,2039
11058,1877,2058
11059,1903,2083
11060,1927,2064
11061,1952,2123
11062,1966,2070
11063,1968,2064
11064,2003,2032
11065,2015,2071
11066,2010,2046
11067,2013,2065
11068,2020,2019
11069,2062,2055
11070,2084,2064
11071,2099,2064
11072,2139,2015
11073,2167,2059
11074,2190,2057
11075,2195,2029
11076,2200,2031
11077,2199,2026
11078,2240,2016
11079,2240,2035
11080,2256,2063
11081,2268,2045
11082,2291,2019
11083,2321,2022
11084,2289,2032
11085,2286,2047
11086,2288,2038
11087,2315,2105
11088,2333,2037
11089,2366,2083
11090,2385,2078
11091,2407,2073
11092,2423,2031
11093,2435,2130
11094,2448,2105
11095,2479,2129
11096,2515,2092
11097,2537,2117
11098,2582,2109
11099,2614,2039
11100,2652,2027
11101,2694,2021
11102,2722,2039
11103,2737,2000
11104,2736,2103
11105,2738,2082
11106,2758,1990
11107,2784,2019
11108,2802,1946
11109,2833,1966
11110,2855,2000
11111,2863,1988
11112,2880,2030
11113,2894,2041
11114,2901,1978
11115,2905,2091
11116,2917,2001
11117,2928,2058
11118,2930,2019
11119,2943,2106
11120,2948,2092
11121,2959,2100
11122,2960,2112
11123,2971,2185
11124,2977,2038
11125,2981,2111
11126,2982,2067
11127,2989,2148
11128,2989,2057
11129,2975,2043
11130,3002,2063
11131,3008,2084
11132,3009,2023
11133,3023,2128
11134,3022,2096
11135,3029,2094
11136,3037,2155
11137,3037,2037
11138,3036,2018
11139,3054,2071
11140,3043,2000
11141,3056,2026
11142,3051,2065
11143,3039,2033
11144,3042,1935
11145,3056,2027
11146,3049,1973
11147,3053,2055
11148,3049,2062
11149,3054,2121
11150,3060,1991
11151,3056,2000
11152,3056,2039
11153,3058,2075
11154,3069,2099
11155,3061,2126
11156,3063,2062
11157,3056,2089
11158,3052,2098
11159,3046,2147
11160,3046,2032
11161,3043,2067
11162,3045,2081
11163,3053,2169
11164,3051,2122
11165,3052,2095
11166,3058,1984
11167,3068,1978
11168,3082,1936
11169,3088,2021
11170,3070,1936
11171,3087,1984
11172,3216,1946
11173,3056,1942
11174,3056,1968
11175,3063,1965
11176,3059,1912
11177,3056,1950
11178,3066,1902
11179,3069,1919
11180,3078,1883
11181,3056,1893
11182,3058,1803
11183,3054,1904
11184,3056,1838
11185,3059,1856
11186,3061,1837
11187,3063,1786
11188,3054,1763
11189,3058,1957
11190,3045,1984
11191,3047,1878
11192,3039,1830
11193,3040,1917
11194,3024,1903
11195,2990,1842
11196,2991,1859
11197,2996,1921
11198,3001,1854
11199,3008,1851
11200,3023,1812
11201,3017,1849
11202,3020,1776
11203,3012,1744
11204,3017,1925
11205,3015,1920
11206,3013,1791
11207,3008,1727
11208,3019,1724
11209,2992,1721
11210,3010,1792
11211,3011,1807
11212,3021,1725
11213,3024,1799
11214,3023,1851
11215,3030,1837
11216,3035,1876
11217,3051,1871
11218,3027,1851
11219,3031,1867
11220,3023,1820
11221,3026,1899
11222,3024,1874
11223,3040,1857
11224,3039,1872
11225,3038,1904
11226,3055,1809
11227,3058,1853
11228,3061,1799
11229,3062,1802
11230,3078,1949
11231,3085,1997
11232,3088,1905
11233,3092,1870
11234,3090,1818
11235,3082,1810
11236,3053,1744
11237,2965,1805
11238,2843,1766
11239,2576,1759
11240,2222,1744
11241,1719,1755
11242,1168,1731
11243,651,1808
11244,230,1847
11245,16,1936
11246,0,1951
11247,0,2013
11248,0,1968
11249,0,1963
11250,0,1873
11251,0,1853
11252,0,1787
11253,0,1779
11254,0,1745
11255,0,1726
11256,0,1696
11257,0,1703
11258,0,1681
11259,0,1705
11260,0,1690
11261,0,1701
11262,0,1664
11263,0,1712
11264,0,1703
11265,0,1742
11266,0,1713
11267,0,1731
11268,0,1721
11269,0,1754
11270,0,1727
11271,0,1754
11272,0,1738
11273,0,1760
11274,0,1776
11275,0,1874
11276,413,1871
11277,866,1936
11278,1109,1954
11279,1268,1989
11280,1388,1989
11281,1505,2055
11282,1485,2032
11283,1552,2030
11284,1601,2032
11285,1611,2025
11286,1670,2029
11287,1714,2065
11288,1719,2036
11289,1773,2064
11290,1840,2081
11291,1849,2133
11292,1844,2102
11293,1815,2143
11294,1827,2096
11295,1826,2122
11296,1830,2094
11297,1793,2055
11298,1751,2067
11299,1757,2071
11300,1756,2039
11301,1776,2031
11302,1822,2013
11303,1839,2046
11304,1837,2022
11305,1826,2034
11306,1826,2059
11307,1817,2055
11308,1809,2054
11309,1829,2071
11310,1818,2006
11311,1825,2027
11312,1840,2035
11313,1847,2021
11314,1847,2033
11315,1841,2064
11316,1840,2038
11317,1856,2064
11318,1861,2038
11319,1867,2064
11320,1885,2037
11321,1919,2021
11322,1937,2013
11323,1968,2027
11324,1995,2011
11325,2000,1974
11326,1986,2014
11327,2001,2015
11328,2005,2026
11329,2003,1963
11330,2034,1995
11331,2109,2064
11332,2154,2038
11333,2175,2059
11334,2202,2015
11335,2208,1989
11336,2226,2070
11337,2249,2025
11338,2291,2042
11339,2313,2027
11340,2320,2045
11341,2323,2044
11342,2351,2061
11343,2359,2075
11344,2379,2063
11345,2402,2000
11346,2434,2047
11347,2460,2087
11348,2481,2079
11349,2480,2101
11350,2484,2127
11351,2480,2128
11352,2486,2090
11353,2485,2087
11354,2491,2064
11355,2495,2066
11356,2511,2083
11357,2504,2047
11358,2512,2064
11359,2514,2032
11360,2522,2047
11361,2535,2065
11362,2544,2041
11363,2559,2030
11364,2575,2063
11365,2567,2032
11366,2544,2054
11367,2544,2103
11368,2538,2112
11369,2537,2064
11370,2533,2058
11371,2512,2053
11372,2482,2069
11373,2413,2063
11374,2338,2083
11375,2201,2035
11376,2000,2028
11377,1844,2022
11378,1427,2065
11379,1136,2056
11380,697,2070
11381,448,2055
11382,338,2063
11383,154,2034
11384,162,2063
11385,111,2047
11386,0,2047
11387,0,2043
11388,0,2029
11389,0,1941
11390,0,1901
11391,0,1842
11392,0,1818
11393,0,1773
11394,0,1765
11395,0,1766
11396,0,1767
11397,0,1735
11398,0,1741
11399,0,1744
11400,0,1769
11401,0,1731
11402,0,1757
11403,0,1749
11404,0,1781
11405,0,1806
11406,0,1837
11407,0,1845
11408,38,1931
11409,226,1933
11410,431,1985
11411,561,1991
11412,594,2022
11413,649,1985
11414,683,2003
11415,788,1984
11416,830,2027
11417,898,2000
11418,971,2027
11419,988,2012
11420,1013,2028
11421,1016,2000
11422,1015,2038
11423,1030,2032
11424,1035,2055
11425,1049,2023
11426,1063,2030
11427,1117,2001
11428,1104,1999
11429,1072,1978
11430,1090,2047
11431,1088,2023
11432,1057,2037
11433,1072,2031
11434,1093,2042
11435,1073,1999
11436,1090,2037
11437,1138,2034
11438,1168,2033
11439,1149,1998
11440,1136,2047
11441,1158,1987
11442,1173,2043
11443,1191,2061
11444,1194,2069
11445,1213,2044
11446,1193,2075
11447,1154,2009
11448,1110,2064
11449,1134,2018
11450,1167,2059
11451,1189,2007
11452,1203,2032
11453,1231,2022
11454,1247,2062
11455,1264,2026
11456,1266,2039
11457,1265,2028
11458,1266,2103
11459,1278,2038
11460,1272,2062
11461,1265,2036
11462,1276,2074
11463,1293,2019
11464,1281,2055
11465,1299,2055
11466,1298,2061
11467,1290,2009
11468,1280,2064
11469,1290,2033
11470,1305,2057
11471,1295,2031
11472,1270,2065
11473,1205,2017
11474,1251,2090
11475,1274,2041
11476,1280,2078
11477,1289,2054
11478,1296,2070
11479,1294,1988
11480,1302,2064
11481,1296,2027
11482,1279,2037
11483,1264,2015
11484,1281,2062
11485,1295,2005
11486,1301,2060
11487,1247,2015
11488,1247,2019
11489,1269,2011
11490,1274,2059
11491,1297,1974
11492,1306,2019
11493,1301,2011
11494,1308,2022
11495,1306,1969
11496,1339,2064
11497,1250,2027
11498,1232,2027
11499,1258,2027
11500,1253,2070
11501,1275,2017
11502,1325,2087
11503,1379,2033
11504,1366,2080
11505,1345,2035
11506,1265,2096
11507,1125,2044
11508,1071,2069
11509,1116,2053
11510,1155,2066
11511,1227,2033
11512,1275,2077
11513,1290,2035
11514,1286,2061
11515,1349,2018
11516,1385,2053
11517,1390,2032
11518,1364,2055
11519,1392,2028
11520,1387,2057
11521,1394,2025
11522,1423,2047
11523,1417,2030
11524,1360,2087
11525,1285,2031
11526,1082,2055
11527,1008,2036
11528,1046,2067
11529,1097,2031
11530,1097,2053
11531,1106,2033
11532,1152,2074
11533,1178,2036
11534,1168,2096
11535,1162,2032
11536,1203,2066
11537,1230,2037
11538,1261,2064
11539,1278,2039
11540,1337,2084
11541,1360,2037
11542,1374,2063
11543,1463,2019
11544,1505,2055
11545,1510,2025
11546,1504,2052
11547,1481,2016
11548,1453,2083
11549,1470,2031
11550,1490,2057
11551,1491,2032
11552,1475,2055
11553,1483,2064
11554,1525,2113
11555,1525,2066
11556,1522,2113
11557,1533,2081
11558,1566,2117
11559,1585,2093
11560,1633,2118
11561,1600,2105
11562,1595,2121
11563,1595,2101
11564,1601,2123
11565,1600,2130
11566,1589,2138
11567,1574,2114
11568,1569,2138
11569,1607,2125
11570,1600,2128
11571,1558,2110
11572,1519,2137
11573,1465,2150
11574,1443,2171
11575,1397,2134
11576,1348,2151
11577,1349,2135
11578,1397,2135
11579,1467,2096
11580,1514,2127
11581,1603,2101
11582,1642,2103
11583,1635,2080
11584,1650,2079
11585,1658,2067
11586,1638,2084
11587,1628,2053
11588,1563,2041
11589,1591,2047
11590,1615,2094
11591,1650,2064
11592,1691,2081
11593,1739,2098
11594,1774,2047
11595,1821,2041
11596,1846,2110
11597,1872,2097
11598,1890,2144
11599,1907,2123
11600,1934,2145
11601,1954,2122
11602,1967,2102
11603,1968,2074
11604,1968,2061
11605,1968,2087
11606,1983,2037
11607,1979,2064
11608,1949,2079
11609,1972,2041
11610,1989,2055
11611,2010,2058
11612,2033,2085
11613,2070,2025
11614,2107,2057
11615,2187,2061
11616,2208,2066
11617,2212,2091
11618,2227,2112
11619,2250,2099
11620,2262,2087
11621,2277,2122
11622,2289,2091
11623,2289,2101
11624,2299,2106
11625,2301,2113
11626,2295,2128
11627,2287,2151
11628,2295,2144
11629,2292,2096
11630,2299,2103
11631,2305,2064
11632,2326,2075
11633,2331,2070
11634,2347,2089
11635,2348,2031
11636,2325,2034
11637,2325,2064
11638,2323,1997
11639,2324,2034
11640,2319,2045
11641,2325,2098
11642,2327,2086
11643,2338,2099
11644,2293,2098
11645,2367,2087
11646,2381,2034
11647,2367,2025
11648,2370,2017
11649,2377,2070
11650,2374,2064
11651,2384,2096
11652,2384,2128
11653,2405,2119
11654,2418,2033
11655,2434,2061
11656,2453,2060
11657,2450,2031
11658,2452,1982
11659,2460,2037
11660,2464,1986
11661,2471,2014
11662,2481,2002
11663,2455,2026
11664,2455,1998
11665,2459,2034
11666,2450,2047
11667,2448,2037
11668,2448,2003
11669,2448,2026
11670,2448,1973
11671,2441,2019
11672,2437,2000
11673,2427,1987
11674,2417,1946
11675,2394,1998
11676,2358,2019
11677,2308,2003
11678,2303,1952
11679,2326,1981
11680,2366,1941
11681,2371,2000
11682,2384,1974
11683,2364,2006
11684,2327,1941
11685,2289,1961
11686,2275,1943
11687,2251,2004
11688,2240,1994
11689,2225,2031
11690,2213,2000
11691,2167,1990
11692,2149,1958
11693,2118,1990
11694,2066,1942
11695,1990,1974
11696,1872,1957
11697,1629,1984
11698,1297,1939
11699,955,1937
11700,565,1906
11701,119,1923
11702,0,1917
11703,0,1927
11704,0,1887
11705,0,1885
11706,0,1813
11707,0,1812
11708,0,1744
11709,0,1710
11710,0,1699
11711,0,1682
11712,0,1616
11713,0,1569
11714,0,1515
11715,0,1483
11716,0,1471
11717,0,1455
11718,0,1433
11719,0,1447
11720,0,1434
11721,0,1465
11722,0,1487
11723,0,1566
11724,0,1554
11725,0,1600
11726,0,1586
11727,0,1625
11728,0,1622
11729,0,1648
11730,0,1635
11731,0,1643
11732,0,1609
11733,0,1664
11734,0,1637
11735,0,1661
11736,0,1651
11737,0,1680
11738,0,1665
11739,0,1700
11740,0,1701
11741,0,1719
11742,0,1689
11743,0,1705
11744,0,1695
11745,0,1728
11746,0,1717
11747,0,1737
11748,0,1718
11749,0,1765
11750,0,1776
11751,62,1781
11752,386,1776
11753,613,1840
11754,704,1935
11755,815,1965
11756,854,1983
11757,976,2064
11758,1375,2014
11759,1712,1990
11760,1858,2034
11761,1876,2143
11762,1808,2256
11763,1839,2286
11764,1869,2323
11765,1878,2314
11766,1991,2303
11767,2093,2430
11768,2128,2350
11769,2155,2336
11770,2198,2381
11771,2304,2300
11772,2410,2318
11773,2559,2345
11774,2670,2217
11775,2690,2252
11776,2739,2144
11777,2800,2237
11778,2834,2407
11779,2874,2275
11780,2893,2163
11781,2885,2267
11782,2896,2306
11783,2892,2368
11784,2893,2422
11785,2917,2487
11786,2928,2454
11787,2922,2513
11788,2927,2322
11789,2914,2286
11790,2895,2391
11791,2899,2439
11792,2911,2350
11793,2928,2391
11794,2963,2384
11795,2999,2415
11796,3015,2416
11797,3024,2382
11798,3018,2407
11799,2998,2535
11800,3011,2528
11801,2990,2542
11802,2985,2512
11803,2981,2594
11804,2983,2631
11805,2979,2977
11806,2975,3344
11807,2975,3110
11808,2943,2961
11809,2933,2784
11810,2905,2736
11811,2898,2731
11812,2923,2736
11813,2944,2642
11814,2950,2688
11815,2963,2672
11816,2954,2640
11817,2935,2638
11818,2927,2659
11819,2905,2683
11820,2907,2827
11821,2938,2714
11822,2977,2768
11823,3009,2745
11824,3018,2645
11825,3041,2715
11826,3049,2610
11827,3043,2735
11828,3047,2640
11829,3056,2669
11830,3066,2606
11831,3064,2625
11832,3051,2576
11833,3019,2640
11834,2970,2674
11835,2928,2858
11836,2908,2721
11837,2905,2674
11838,2911,2673
11839,2866,2676
11840,2914,2526
11841,2917,2609
11842,2882,2586
11843,2854,2594
11844,2861,3602